Using pre-set license
Built from '2022.3/release' branch; Version is '2022.3.20f1 (61c2feb0970d) revision 6406910'; Using compiler version '192829333'; Build Type 'Release'
OS: 'Windows 11  (10.0.26100) 64bit Core' Language: 'es' Physical Memory: 16310 MB
BatchMode: 1, IsHumanControllingUs: 0, StartBugReporterOnCrash: 0, Is64bit: 1, IsPro: 1

COMMAND LINE ARGUMENTS:
C:\Program Files\Unity\Hub\Editor\2022.3.20f1\Editor\Unity.exe
-adb2
-batchMode
-noUpm
-name
AssetImportWorker15
-projectPath
C:/Users/carla/Desktop/Videojuego-AVM/VeilOfLight
-logFile
Logs/AssetImportWorker15.log
-srvPort
56873
Successfully changed project path to: C:/Users/carla/Desktop/Videojuego-AVM/VeilOfLight
C:/Users/carla/Desktop/Videojuego-AVM/VeilOfLight
[UnityMemory] Configuration Parameters - Can be set up in boot.config
    "memorysetup-bucket-allocator-granularity=16"
    "memorysetup-bucket-allocator-bucket-count=8"
    "memorysetup-bucket-allocator-block-size=33554432"
    "memorysetup-bucket-allocator-block-count=8"
    "memorysetup-main-allocator-block-size=16777216"
    "memorysetup-thread-allocator-block-size=16777216"
    "memorysetup-gfx-main-allocator-block-size=16777216"
    "memorysetup-gfx-thread-allocator-block-size=16777216"
    "memorysetup-cache-allocator-block-size=4194304"
    "memorysetup-typetree-allocator-block-size=2097152"
    "memorysetup-profiler-bucket-allocator-granularity=16"
    "memorysetup-profiler-bucket-allocator-bucket-count=8"
    "memorysetup-profiler-bucket-allocator-block-size=33554432"
    "memorysetup-profiler-bucket-allocator-block-count=8"
    "memorysetup-profiler-allocator-block-size=16777216"
    "memorysetup-profiler-editor-allocator-block-size=1048576"
    "memorysetup-temp-allocator-size-main=16777216"
    "memorysetup-job-temp-allocator-block-size=2097152"
    "memorysetup-job-temp-allocator-block-size-background=1048576"
    "memorysetup-job-temp-allocator-reduction-small-platforms=262144"
    "memorysetup-allocator-temp-initial-block-size-main=262144"
    "memorysetup-allocator-temp-initial-block-size-worker=262144"
    "memorysetup-temp-allocator-size-background-worker=32768"
    "memorysetup-temp-allocator-size-job-worker=262144"
    "memorysetup-temp-allocator-size-preload-manager=33554432"
    "memorysetup-temp-allocator-size-nav-mesh-worker=65536"
    "memorysetup-temp-allocator-size-audio-worker=65536"
    "memorysetup-temp-allocator-size-cloud-worker=32768"
    "memorysetup-temp-allocator-size-gi-baking-worker=262144"
    "memorysetup-temp-allocator-size-gfx=262144"
Player connection [20624] Host "[IP] 192.168.1.137 [Port] 0 [Flags] 2 [Guid] 2441605161 [EditorId] 2441605161 [Version] 1048832 [Id] WindowsEditor(7,DESKTOP-U7UFVUJ) [Debug] 1 [PackageName] WindowsEditor [ProjectName] Editor" joined multi-casting on [225.0.0.222:54997]...

Player connection [20624] Host "[IP] 192.168.1.137 [Port] 0 [Flags] 2 [Guid] 2441605161 [EditorId] 2441605161 [Version] 1048832 [Id] WindowsEditor(7,DESKTOP-U7UFVUJ) [Debug] 1 [PackageName] WindowsEditor [ProjectName] Editor" joined alternative multi-casting on [225.0.0.222:34997]...

[Physics::Module] Initialized MultithreadedJobDispatcher with 11 workers.
Refreshing native plugins compatible for Editor in 8.43 ms, found 2 plugins.
Preloading 0 native plugins for Editor in 0.00 ms.
Initialize engine version: 2022.3.20f1 (61c2feb0970d)
[Subsystems] Discovering subsystems at path C:/Program Files/Unity/Hub/Editor/2022.3.20f1/Editor/Data/Resources/UnitySubsystems
[Subsystems] Discovering subsystems at path C:/Users/carla/Desktop/Videojuego-AVM/VeilOfLight/Assets
GfxDevice: creating device client; threaded=0; jobified=0
Direct3D:
    Version:  Direct3D 11.0 [level 11.1]
    Renderer: NVIDIA GeForce RTX 3060 (ID=0x2504)
    Vendor:   NVIDIA
    VRAM:     12115 MB
    Driver:   32.0.15.7260
Initialize mono
Mono path[0] = 'C:/Program Files/Unity/Hub/Editor/2022.3.20f1/Editor/Data/Managed'
Mono path[1] = 'C:/Program Files/Unity/Hub/Editor/2022.3.20f1/Editor/Data/MonoBleedingEdge/lib/mono/unityjit-win32'
Mono config path = 'C:/Program Files/Unity/Hub/Editor/2022.3.20f1/Editor/Data/MonoBleedingEdge/etc'
Using monoOptions --debugger-agent=transport=dt_socket,embedding=1,server=y,suspend=n,address=127.0.0.1:56140
Begin MonoManager ReloadAssembly
Registering precompiled unity dll's ...
Register platform support module: C:/Program Files/Unity/Hub/Editor/2022.3.20f1/Editor/Data/PlaybackEngines/WindowsStandaloneSupport/UnityEditor.WindowsStandalone.Extensions.dll
Registered in 0.008811 seconds.
- Loaded All Assemblies, in  0.322 seconds
Native extension for WindowsStandalone target not found
Mono: successfully reloaded assembly
- Finished resetting the current domain, in  0.241 seconds
Domain Reload Profiling: 561ms
	BeginReloadAssembly (96ms)
		ExecutionOrderSort (0ms)
		DisableScriptedObjects (0ms)
		BackupInstance (0ms)
		ReleaseScriptingObjects (0ms)
		CreateAndSetChildDomain (1ms)
	RebuildCommonClasses (31ms)
	RebuildNativeTypeToScriptingClass (10ms)
	initialDomainReloadingComplete (55ms)
	LoadAllAssembliesAndSetupDomain (127ms)
		LoadAssemblies (94ms)
		RebuildTransferFunctionScriptingTraits (0ms)
		AnalyzeDomain (125ms)
			TypeCache.Refresh (123ms)
				TypeCache.ScanAssembly (111ms)
			ScanForSourceGeneratedMonoScriptInfo (1ms)
			ResolveRequiredComponents (0ms)
	FinalizeReload (241ms)
		ReleaseScriptCaches (0ms)
		RebuildScriptCaches (0ms)
		SetupLoadedEditorAssemblies (190ms)
			LogAssemblyErrors (0ms)
			InitializePlatformSupportModulesInManaged (10ms)
			SetLoadedEditorAssemblies (7ms)
			RefreshPlugins (0ms)
			BeforeProcessingInitializeOnLoad (2ms)
			ProcessInitializeOnLoadAttributes (130ms)
			ProcessInitializeOnLoadMethodAttributes (41ms)
			AfterProcessingInitializeOnLoad (0ms)
			EditorAssembliesLoaded (0ms)
		ExecutionOrderSort2 (0ms)
		AwakeInstancesAfterBackupRestoration (0ms)
========================================================================
Worker process is ready to serve import requests
Begin MonoManager ReloadAssembly
- Loaded All Assemblies, in  0.547 seconds
Refreshing native plugins compatible for Editor in 3.44 ms, found 2 plugins.
Native extension for WindowsStandalone target not found
[MODES] ModeService[none].Initialize
[MODES] ModeService[none].LoadModes
[MODES] Loading mode Default (0) for mode-current-id-New Unity Project
Mono: successfully reloaded assembly
- Finished resetting the current domain, in  0.527 seconds
Domain Reload Profiling: 1069ms
	BeginReloadAssembly (139ms)
		ExecutionOrderSort (0ms)
		DisableScriptedObjects (5ms)
		BackupInstance (0ms)
		ReleaseScriptingObjects (0ms)
		CreateAndSetChildDomain (20ms)
	RebuildCommonClasses (35ms)
	RebuildNativeTypeToScriptingClass (12ms)
	initialDomainReloadingComplete (46ms)
	LoadAllAssembliesAndSetupDomain (311ms)
		LoadAssemblies (267ms)
		RebuildTransferFunctionScriptingTraits (0ms)
		AnalyzeDomain (125ms)
			TypeCache.Refresh (97ms)
				TypeCache.ScanAssembly (88ms)
			ScanForSourceGeneratedMonoScriptInfo (18ms)
			ResolveRequiredComponents (8ms)
	FinalizeReload (527ms)
		ReleaseScriptCaches (0ms)
		RebuildScriptCaches (0ms)
		SetupLoadedEditorAssemblies (386ms)
			LogAssemblyErrors (0ms)
			InitializePlatformSupportModulesInManaged (5ms)
			SetLoadedEditorAssemblies (3ms)
			RefreshPlugins (0ms)
			BeforeProcessingInitializeOnLoad (66ms)
			ProcessInitializeOnLoadAttributes (237ms)
			ProcessInitializeOnLoadMethodAttributes (68ms)
			AfterProcessingInitializeOnLoad (7ms)
			EditorAssembliesLoaded (0ms)
		ExecutionOrderSort2 (0ms)
		AwakeInstancesAfterBackupRestoration (5ms)
Launched and connected shader compiler UnityShaderCompiler.exe after 0.03 seconds
Refreshing native plugins compatible for Editor in 4.66 ms, found 2 plugins.
Preloading 0 native plugins for Editor in 0.00 ms.
Unloading 3856 Unused Serialized files (Serialized files now loaded: 0)
Unloading 79 unused Assets / (0.8 MB). Loaded Objects now: 4323.
Memory consumption went from 173.5 MB to 172.7 MB.
Total: 5.670800 ms (FindLiveObjects: 0.587900 ms CreateObjectMapping: 0.133300 ms MarkObjects: 4.277700 ms  DeleteObjects: 0.670200 ms)

AssetImportParameters requested are different than current active one (requested -> active):
  custom:container-demuxer-ogg: 62fdf1f143b41e24485cea50d1cbac27 -> 
  custom:video-codec-MediaFoundation-h265: 746d11721c4dcdbdad8f713fa42b33f4 -> 
  custom:video-decoder-ogg-theora: a1e56fd34408186e4bbccfd4996cb3dc -> 
  custom:framework-win-MediaFoundation: 216162199b28c13a410421893ffa2e32 -> 
  custom:CustomObjectIndexerAttribute: 62b5816608c3102f162a1797e29626cf -> 
  custom:container-demuxer-webm: 4f35f7cbe854078d1ac9338744f61a02 -> 
  custom:container-muxer-webm: aa71ff27fc2769a1b78a27578f13a17b -> 
  custom:video-decoder-webm-vp8: 9c59270c3fd7afecdb556c50c9e8de78 -> 
  custom:SearchIndexIgnoredProperties: e643bd26f0fe6173181afceb89e7c659 -> 
  custom:AudioImporter_EditorPlatform: d09bf68614088b80899f8185d706f6e7 -> 
  custom:video-encoder-webm-vp8: eb34c28f22e8b96e1ab97ce403110664 -> 
  custom:audio-decoder-ogg-vorbis: bf7c407c2cedff20999df2af8eb42d56 -> 
  custom:audio-encoder-webm-vorbis: bf7c407c2cedff20999df2af8eb42d56 -> 
========================================================================
Received Import Request.
  Time since last request: 80836.900204 seconds.
  path: Assets/Material/Materials/wood_box.mat
  artifactKey: Guid(ab60b832487208d42b9d3db67a4c67b6) Importer(815301076,1909f56bfc062723c751e8b465ee728b)
Start importing Assets/Material/Materials/wood_box.mat using Guid(ab60b832487208d42b9d3db67a4c67b6) Importer(815301076,1909f56bfc062723c751e8b465ee728b)  -> (artifact id: '5e7c5e41c33a36d219cb398fec7dd2c9') in 0.104165 seconds
Number of updated asset objects reloaded before import = 0
Number of asset objects unloaded after import = 1
========================================================================
Received Import Request.
  Time since last request: 70.607658 seconds.
  path: Assets/Models/Todo06.blend
  artifactKey: Guid(2a5af9abd3b9fac48989b30a01c5bfb8) Importer(815301076,1909f56bfc062723c751e8b465ee728b)
Start importing Assets/Models/Todo06.blend using Guid(2a5af9abd3b9fac48989b30a01c5bfb8) Importer(815301076,1909f56bfc062723c751e8b465ee728b)  -> (artifact id: '75067151448985d07e3108cd79d29cf7') in 3.225331 seconds
Number of updated asset objects reloaded before import = 0
Number of asset objects unloaded after import = 3203
========================================================================
Received Import Request.
  Time since last request: 308.271733 seconds.
  path: Assets/Models/Todo06.blend
  artifactKey: Guid(2a5af9abd3b9fac48989b30a01c5bfb8) Importer(815301076,1909f56bfc062723c751e8b465ee728b)
Start importing Assets/Models/Todo06.blend using Guid(2a5af9abd3b9fac48989b30a01c5bfb8) Importer(815301076,1909f56bfc062723c751e8b465ee728b)  -> (artifact id: 'ea9aea0d53f480641646bef9411db908') in 2.667273 seconds
Number of updated asset objects reloaded before import = 0
Number of asset objects unloaded after import = 3202
========================================================================
Received Import Request.
  Time since last request: 3.139989 seconds.
  path: Assets/Models/Todo06.blend
  artifactKey: Guid(2a5af9abd3b9fac48989b30a01c5bfb8) Importer(815301076,1909f56bfc062723c751e8b465ee728b)
Start importing Assets/Models/Todo06.blend using Guid(2a5af9abd3b9fac48989b30a01c5bfb8) Importer(815301076,1909f56bfc062723c751e8b465ee728b)  -> (artifact id: 'a5717451ad4577b58c9449e0c2e3ec38') in 3.171683 seconds
Number of updated asset objects reloaded before import = 0
Number of asset objects unloaded after import = 3202
========================================================================
Received Import Request.
  Time since last request: 5.690443 seconds.
  path: Assets/Material/Textures/01___Default_1001_normal.jpg
  artifactKey: Guid(f15439f09e9cd6f4b89ae6ac733927ec) Importer(815301076,1909f56bfc062723c751e8b465ee728b)
Start importing Assets/Material/Textures/01___Default_1001_normal.jpg using Guid(f15439f09e9cd6f4b89ae6ac733927ec) Importer(815301076,1909f56bfc062723c751e8b465ee728b)  -> (artifact id: '3b48e916a4ceaf2e5fb6b4c70fdf2081') in 0.068060 seconds
Number of updated asset objects reloaded before import = 0
Number of asset objects unloaded after import = 2
========================================================================
Received Import Request.
  Time since last request: 19.323053 seconds.
  path: Assets/Material/Textures/Rope_Normal.jpg
  artifactKey: Guid(cb9873380f0660d4fb76c93df6364a62) Importer(815301076,1909f56bfc062723c751e8b465ee728b)
Start importing Assets/Material/Textures/Rope_Normal.jpg using Guid(cb9873380f0660d4fb76c93df6364a62) Importer(815301076,1909f56bfc062723c751e8b465ee728b)  -> (artifact id: 'cc7043e4723035e1022517df4ebe3f9c') in 0.024271 seconds
Number of updated asset objects reloaded before import = 0
Number of asset objects unloaded after import = 2
========================================================================
Received Import Request.
  Time since last request: 37.033792 seconds.
  path: Assets/Material/Textures/Medieval box 5_Normal.jpg
  artifactKey: Guid(504f76cdf44fd0e4faf5d1a190362599) Importer(815301076,1909f56bfc062723c751e8b465ee728b)
Start importing Assets/Material/Textures/Medieval box 5_Normal.jpg using Guid(504f76cdf44fd0e4faf5d1a190362599) Importer(815301076,1909f56bfc062723c751e8b465ee728b)  -> (artifact id: 'f71d6e90fbeaa245bd879e7be44b8101') in 0.021910 seconds
Number of updated asset objects reloaded before import = 0
Number of asset objects unloaded after import = 2
========================================================================
Received Import Request.
  Time since last request: 38.529514 seconds.
  path: Assets/Material/Textures/Metal Stand_Normal.jpg
  artifactKey: Guid(8faaa701ee72e7e47929fd57a48609f7) Importer(815301076,1909f56bfc062723c751e8b465ee728b)
Start importing Assets/Material/Textures/Metal Stand_Normal.jpg using Guid(8faaa701ee72e7e47929fd57a48609f7) Importer(815301076,1909f56bfc062723c751e8b465ee728b)  -> (artifact id: '5c52d7e004d580d149df9f4b38b63778') in 0.037677 seconds
Number of updated asset objects reloaded before import = 0
Number of asset objects unloaded after import = 2
========================================================================
Received Import Request.
  Time since last request: 51.458809 seconds.
  path: Assets/Material/Textures/Motor_Normal.jpg
  artifactKey: Guid(d22713d390327134bbf157b0567fcb33) Importer(815301076,1909f56bfc062723c751e8b465ee728b)
Start importing Assets/Material/Textures/Motor_Normal.jpg using Guid(d22713d390327134bbf157b0567fcb33) Importer(815301076,1909f56bfc062723c751e8b465ee728b)  -> (artifact id: '3d37ca6b8c5825ea07ca293ddde49255') in 0.037509 seconds
Number of updated asset objects reloaded before import = 0
Number of asset objects unloaded after import = 2
========================================================================
Received Import Request.
  Time since last request: 4.649737 seconds.
  path: Assets/Material/Textures/wall_02_normal.jpg
  artifactKey: Guid(2f3a4368f2d48b24282e145ceadd9f9c) Importer(815301076,1909f56bfc062723c751e8b465ee728b)
Start importing Assets/Material/Textures/wall_02_normal.jpg using Guid(2f3a4368f2d48b24282e145ceadd9f9c) Importer(815301076,1909f56bfc062723c751e8b465ee728b)  -> (artifact id: '6a78478b710f1185b737a0e36df1f0b2') in 0.034026 seconds
Number of updated asset objects reloaded before import = 0
Number of asset objects unloaded after import = 2
========================================================================
Received Import Request.
  Time since last request: 0.000020 seconds.
  path: Assets/Material/Textures/Wood Stand_Diffuse.jpg
  artifactKey: Guid(d15532632d6112f4d99f4a77a53eb2e8) Importer(815301076,1909f56bfc062723c751e8b465ee728b)
Start importing Assets/Material/Textures/Wood Stand_Diffuse.jpg using Guid(d15532632d6112f4d99f4a77a53eb2e8) Importer(815301076,1909f56bfc062723c751e8b465ee728b)  -> (artifact id: '203ebc15a041f3de490f3f9cf5f7b269') in 0.033994 seconds
Number of updated asset objects reloaded before import = 0
Number of asset objects unloaded after import = 2
========================================================================
Received Import Request.
  Time since last request: 0.000020 seconds.
  path: Assets/Material/Textures/Wood_Planks_with_Nails_Base_Color.jpg
  artifactKey: Guid(a769d3268d6d22e4d9bece230887cd59) Importer(815301076,1909f56bfc062723c751e8b465ee728b)
Start importing Assets/Material/Textures/Wood_Planks_with_Nails_Base_Color.jpg using Guid(a769d3268d6d22e4d9bece230887cd59) Importer(815301076,1909f56bfc062723c751e8b465ee728b)  -> (artifact id: '8ae24746eccad3e3d2b69c79c54788ee') in 0.023878 seconds
Number of updated asset objects reloaded before import = 0
Number of asset objects unloaded after import = 2
========================================================================
Received Import Request.
  Time since last request: 0.000029 seconds.
  path: Assets/Material/Textures/汀洲会馆基石02_前门规刬.jpg
  artifactKey: Guid(c179d5540570f874aa977aaedbf77301) Importer(815301076,1909f56bfc062723c751e8b465ee728b)
Start importing Assets/Material/Textures/汀洲会馆基石02_前门规刬.jpg using Guid(c179d5540570f874aa977aaedbf77301) Importer(815301076,1909f56bfc062723c751e8b465ee728b)  -> (artifact id: '66df7c55e652036ed61979c804461132') in 0.037523 seconds
Number of updated asset objects reloaded before import = 0
Number of asset objects unloaded after import = 2
========================================================================
Received Import Request.
  Time since last request: 0.000022 seconds.
  path: Assets/Material/Textures/Weathercock_Diffuse.jpg
  artifactKey: Guid(eee058bac2cb3bf449567f846767b9aa) Importer(815301076,1909f56bfc062723c751e8b465ee728b)
Start importing Assets/Material/Textures/Weathercock_Diffuse.jpg using Guid(eee058bac2cb3bf449567f846767b9aa) Importer(815301076,1909f56bfc062723c751e8b465ee728b)  -> (artifact id: 'd464c9bf9575c9ba5da310239ff6e502') in 0.025328 seconds
Number of updated asset objects reloaded before import = 0
Number of asset objects unloaded after import = 2
========================================================================
Received Import Request.
  Time since last request: 0.000023 seconds.
  path: Assets/Material/Textures/Wood Stand_Roughness.jpg
  artifactKey: Guid(13a73768b6600584784b2b7d9e3f1ea3) Importer(815301076,1909f56bfc062723c751e8b465ee728b)
Start importing Assets/Material/Textures/Wood Stand_Roughness.jpg using Guid(13a73768b6600584784b2b7d9e3f1ea3) Importer(815301076,1909f56bfc062723c751e8b465ee728b)  -> (artifact id: 'e32bf3d1ae70ab6549ba084e0dd4b232') in 0.026265 seconds
Number of updated asset objects reloaded before import = 0
Number of asset objects unloaded after import = 2
========================================================================
Received Import Request.
  Time since last request: 0.000026 seconds.
  path: Assets/Material/Textures/Wood Stand_Metallic.jpg
  artifactKey: Guid(cdd0917fbb4413641b45a10f0b1ae86b) Importer(815301076,1909f56bfc062723c751e8b465ee728b)
Start importing Assets/Material/Textures/Wood Stand_Metallic.jpg using Guid(cdd0917fbb4413641b45a10f0b1ae86b) Importer(815301076,1909f56bfc062723c751e8b465ee728b)  -> (artifact id: 'e5a8251cda4031e570fdc7e52e5d35d1') in 0.022014 seconds
Number of updated asset objects reloaded before import = 0
Number of asset objects unloaded after import = 2
========================================================================
Received Import Request.
  Time since last request: 0.000021 seconds.
  path: Assets/Material/Textures/Weathercock_Roughness.jpg
  artifactKey: Guid(abd8bd6934e1b574c812ed31e229288b) Importer(815301076,1909f56bfc062723c751e8b465ee728b)
Start importing Assets/Material/Textures/Weathercock_Roughness.jpg using Guid(abd8bd6934e1b574c812ed31e229288b) Importer(815301076,1909f56bfc062723c751e8b465ee728b)  -> (artifact id: '096183e274859dbfdfcb719af8dce7ff') in 0.028002 seconds
Number of updated asset objects reloaded before import = 0
Number of asset objects unloaded after import = 2
========================================================================
Received Import Request.
  Time since last request: 0.000020 seconds.
  path: Assets/Material/Textures/Weathercock_Normal.jpg
  artifactKey: Guid(8f3d9eec63de6454ebc21d7a65b9dbc4) Importer(815301076,1909f56bfc062723c751e8b465ee728b)
Start importing Assets/Material/Textures/Weathercock_Normal.jpg using Guid(8f3d9eec63de6454ebc21d7a65b9dbc4) Importer(815301076,1909f56bfc062723c751e8b465ee728b)  -> (artifact id: '04e6dd2c7bfde93d01ecf94b680a520c') in 0.030727 seconds
Number of updated asset objects reloaded before import = 0
Number of asset objects unloaded after import = 2
========================================================================
Received Import Request.
  Time since last request: 0.000018 seconds.
  path: Assets/Material/Textures/white concrete_Normal.jpg
  artifactKey: Guid(7c78fa4198bec5740aa1074b9f9ba958) Importer(815301076,1909f56bfc062723c751e8b465ee728b)
Start importing Assets/Material/Textures/white concrete_Normal.jpg using Guid(7c78fa4198bec5740aa1074b9f9ba958) Importer(815301076,1909f56bfc062723c751e8b465ee728b)  -> (artifact id: '65b982536198828a11a5d9309df181b7') in 0.027397 seconds
Number of updated asset objects reloaded before import = 0
Number of asset objects unloaded after import = 2
========================================================================
Received Import Request.
  Time since last request: 0.000033 seconds.
  path: Assets/Material/Textures/屋顶(黄).jpg
  artifactKey: Guid(a210e0723beb35b4288f7077ca8c9770) Importer(815301076,1909f56bfc062723c751e8b465ee728b)
Start importing Assets/Material/Textures/屋顶(黄).jpg using Guid(a210e0723beb35b4288f7077ca8c9770) Importer(815301076,1909f56bfc062723c751e8b465ee728b)  -> (artifact id: '0c47b965ffbb8d7a628ac9127c2aee1b') in 0.024311 seconds
Number of updated asset objects reloaded before import = 0
Number of asset objects unloaded after import = 2
========================================================================
Received Import Request.
  Time since last request: 0.000032 seconds.
  path: Assets/Material/Textures/苇席02_同仁堂.jpg
  artifactKey: Guid(e9237328b651bdc429a3fc1018ac2a42) Importer(815301076,1909f56bfc062723c751e8b465ee728b)
Start importing Assets/Material/Textures/苇席02_同仁堂.jpg using Guid(e9237328b651bdc429a3fc1018ac2a42) Importer(815301076,1909f56bfc062723c751e8b465ee728b)  -> (artifact id: '9a7f3570cdf41debaed6cbc229fb3ede') in 0.025860 seconds
Number of updated asset objects reloaded before import = 0
Number of asset objects unloaded after import = 2
========================================================================
Received Import Request.
  Time since last request: 0.000021 seconds.
  path: Assets/Material/Textures/Wood_Planks_with_Nails_Height.jpg
  artifactKey: Guid(a398f9b59aa94f140b166e46b2d34535) Importer(815301076,1909f56bfc062723c751e8b465ee728b)
Start importing Assets/Material/Textures/Wood_Planks_with_Nails_Height.jpg using Guid(a398f9b59aa94f140b166e46b2d34535) Importer(815301076,1909f56bfc062723c751e8b465ee728b)  -> (artifact id: 'd5002e05808b4630a0b0ec58bb663bf3') in 0.024532 seconds
Number of updated asset objects reloaded before import = 0
Number of asset objects unloaded after import = 2
========================================================================
Received Import Request.
  Time since last request: 10.875151 seconds.
  path: Assets/Material/Textures/Screw_Normal.jpg
  artifactKey: Guid(e6b98af4da274bd4ebd242b3f31a438b) Importer(815301076,1909f56bfc062723c751e8b465ee728b)
Start importing Assets/Material/Textures/Screw_Normal.jpg using Guid(e6b98af4da274bd4ebd242b3f31a438b) Importer(815301076,1909f56bfc062723c751e8b465ee728b)  -> (artifact id: '7c3d8b9fa6dffb263250bc9aae644e72') in 0.020356 seconds
Number of updated asset objects reloaded before import = 0
Number of asset objects unloaded after import = 2
========================================================================
Received Import Request.
  Time since last request: 32.674330 seconds.
  path: Assets/Material/Textures/Wood Stand_Normal.jpg
  artifactKey: Guid(53387e44f7d8110408ec0bf3e9afb43b) Importer(815301076,1909f56bfc062723c751e8b465ee728b)
Start importing Assets/Material/Textures/Wood Stand_Normal.jpg using Guid(53387e44f7d8110408ec0bf3e9afb43b) Importer(815301076,1909f56bfc062723c751e8b465ee728b)  -> (artifact id: '9ec8df6c527f0691ffc18629ff359342') in 0.050133 seconds
Number of updated asset objects reloaded before import = 0
Number of asset objects unloaded after import = 2
========================================================================
Received Import Request.
  Time since last request: 30.907068 seconds.
  path: Assets/Material/Textures/The Fixed for The Screw_Normal.jpg
  artifactKey: Guid(518181eaa9277784e95433c762ecd9b5) Importer(815301076,1909f56bfc062723c751e8b465ee728b)
Start importing Assets/Material/Textures/The Fixed for The Screw_Normal.jpg using Guid(518181eaa9277784e95433c762ecd9b5) Importer(815301076,1909f56bfc062723c751e8b465ee728b)  -> (artifact id: '6ecafd7b1c3fef45bc88569abd4f0e46') in 0.021996 seconds
Number of updated asset objects reloaded before import = 0
Number of asset objects unloaded after import = 2
========================================================================
Received Import Request.
  Time since last request: 23.474824 seconds.
  path: Assets/Material/Textures/Weathercock_Normal.jpg
  artifactKey: Guid(8f3d9eec63de6454ebc21d7a65b9dbc4) Importer(815301076,1909f56bfc062723c751e8b465ee728b)
Start importing Assets/Material/Textures/Weathercock_Normal.jpg using Guid(8f3d9eec63de6454ebc21d7a65b9dbc4) Importer(815301076,1909f56bfc062723c751e8b465ee728b)  -> (artifact id: 'b75e5d29d92f1a513a13db9b72b64c14') in 0.028371 seconds
Number of updated asset objects reloaded before import = 0
Number of asset objects unloaded after import = 2
========================================================================
Received Import Request.
  Time since last request: 1.873147 seconds.
  path: Assets/Material/Materials/Wind Generator_Weathercock.mat
  artifactKey: Guid(97e8f4041f7be8c4ab85fad1cc053401) Importer(815301076,1909f56bfc062723c751e8b465ee728b)
Start importing Assets/Material/Materials/Wind Generator_Weathercock.mat using Guid(97e8f4041f7be8c4ab85fad1cc053401) Importer(815301076,1909f56bfc062723c751e8b465ee728b)  -> (artifact id: 'b999043144c2a5fba73289a0d48d90c7') in 0.064820 seconds
Number of updated asset objects reloaded before import = 0
Number of asset objects unloaded after import = 4
========================================================================
Received Import Request.
  Time since last request: 25.737896 seconds.
  path: Assets/Material/Textures/Fence Selection_Fence Post Wood_Normal.jpg
  artifactKey: Guid(af469d2559f073245b924c9c3e7efc07) Importer(815301076,1909f56bfc062723c751e8b465ee728b)
Start importing Assets/Material/Textures/Fence Selection_Fence Post Wood_Normal.jpg using Guid(af469d2559f073245b924c9c3e7efc07) Importer(815301076,1909f56bfc062723c751e8b465ee728b)  -> (artifact id: 'f0365a6e91db03674c3165289fc1cd8c') in 0.021855 seconds
Number of updated asset objects reloaded before import = 0
Number of asset objects unloaded after import = 2
========================================================================
Received Import Request.
  Time since last request: 35.601864 seconds.
  path: Assets/Material/Textures/Fence Selection_Metal Gate_Normal.jpg
  artifactKey: Guid(348873e6b8084004ca912832b5067e96) Importer(815301076,1909f56bfc062723c751e8b465ee728b)
Start importing Assets/Material/Textures/Fence Selection_Metal Gate_Normal.jpg using Guid(348873e6b8084004ca912832b5067e96) Importer(815301076,1909f56bfc062723c751e8b465ee728b)  -> (artifact id: 'd9fae787f704cb4ceb5422b159415bef') in 0.020992 seconds
Number of updated asset objects reloaded before import = 0
Number of asset objects unloaded after import = 2
========================================================================
Received Import Request.
  Time since last request: 85.504091 seconds.
  path: Assets/Material/Textures/fabric_normal.jpg
  artifactKey: Guid(6d53969573db2c54b8aa7be3df53c396) Importer(815301076,1909f56bfc062723c751e8b465ee728b)
Start importing Assets/Material/Textures/fabric_normal.jpg using Guid(6d53969573db2c54b8aa7be3df53c396) Importer(815301076,1909f56bfc062723c751e8b465ee728b)  -> (artifact id: '1e399c6a5e8caae30ad925cebbfff4b2') in 0.022343 seconds
Number of updated asset objects reloaded before import = 0
Number of asset objects unloaded after import = 2
========================================================================
Received Import Request.
  Time since last request: 219.447849 seconds.
  path: Assets/Models/Todo06.blend
  artifactKey: Guid(2a5af9abd3b9fac48989b30a01c5bfb8) Importer(815301076,1909f56bfc062723c751e8b465ee728b)
Start importing Assets/Models/Todo06.blend using Guid(2a5af9abd3b9fac48989b30a01c5bfb8) Importer(815301076,1909f56bfc062723c751e8b465ee728b)  -> (artifact id: 'a54533cad5e399bfeffc4d5834cdad94') in 3.143875 seconds
Number of updated asset objects reloaded before import = 0
Number of asset objects unloaded after import = 3238
========================================================================
Received Import Request.
  Time since last request: 6.296903 seconds.
  path: Assets/Material/Materials/DarkCement_BaseColor.mat
  artifactKey: Guid(0d2474b32bbc9fe42a7b45ba88f599f2) Importer(815301076,1909f56bfc062723c751e8b465ee728b)
Start importing Assets/Material/Materials/DarkCement_BaseColor.mat using Guid(0d2474b32bbc9fe42a7b45ba88f599f2) Importer(815301076,1909f56bfc062723c751e8b465ee728b)  -> (artifact id: '861139b70eb7999184be7547a2d47c3f') in 0.039912 seconds
Number of updated asset objects reloaded before import = 0
Number of asset objects unloaded after import = 4
========================================================================
Received Import Request.
  Time since last request: 0.000019 seconds.
  path: Assets/Material/Materials/Heavy-Duty Scouring Pad.mat
  artifactKey: Guid(18ad308307d96fa469f09a6faeaff0a3) Importer(815301076,1909f56bfc062723c751e8b465ee728b)
Start importing Assets/Material/Materials/Heavy-Duty Scouring Pad.mat using Guid(18ad308307d96fa469f09a6faeaff0a3) Importer(815301076,1909f56bfc062723c751e8b465ee728b)  -> (artifact id: 'a3da3fc6a2cce04edf208e4ef726ac68') in 0.019977 seconds
Number of updated asset objects reloaded before import = 0
Number of asset objects unloaded after import = 2
========================================================================
Received Import Request.
  Time since last request: 2.456105 seconds.
  path: Assets/Prefabs/Buddhist temple.prefab
  artifactKey: Guid(4a32cc053ee20314bbcf21d288e08d08) Importer(815301076,1909f56bfc062723c751e8b465ee728b)
Start importing Assets/Prefabs/Buddhist temple.prefab using Guid(4a32cc053ee20314bbcf21d288e08d08) Importer(815301076,1909f56bfc062723c751e8b465ee728b)  -> (artifact id: 'c11793677b7c02a4e1d89ba3cd13e48c') in 0.113208 seconds
Number of updated asset objects reloaded before import = 0
Number of asset objects unloaded after import = 213
========================================================================
Received Import Request.
  Time since last request: 0.000030 seconds.
  path: Assets/Prefabs/Chinese lantern.prefab
  artifactKey: Guid(0f467996be3330840b5c7a78e4b81297) Importer(815301076,1909f56bfc062723c751e8b465ee728b)
Start importing Assets/Prefabs/Chinese lantern.prefab using Guid(0f467996be3330840b5c7a78e4b81297) Importer(815301076,1909f56bfc062723c751e8b465ee728b)  -> (artifact id: '72294630da34e55a7466e3119f123f8b') in 0.021183 seconds
Number of updated asset objects reloaded before import = 0
Number of asset objects unloaded after import = 38
========================================================================
Received Import Request.
  Time since last request: 0.000037 seconds.
  path: Assets/Prefabs/Chinese pavilion.prefab
  artifactKey: Guid(f3b0286ab0958484db385ea620c59f8b) Importer(815301076,1909f56bfc062723c751e8b465ee728b)
Start importing Assets/Prefabs/Chinese pavilion.prefab using Guid(f3b0286ab0958484db385ea620c59f8b) Importer(815301076,1909f56bfc062723c751e8b465ee728b)  -> (artifact id: '0e2a0a0c131bbfee0a20547c387d26c9') in 0.042354 seconds
Number of updated asset objects reloaded before import = 0
Number of asset objects unloaded after import = 33
========================================================================
Received Import Request.
  Time since last request: 19.830435 seconds.
  path: Assets/Models/Todo06.blend
  artifactKey: Guid(2a5af9abd3b9fac48989b30a01c5bfb8) Importer(815301076,1909f56bfc062723c751e8b465ee728b)
Start importing Assets/Models/Todo06.blend using Guid(2a5af9abd3b9fac48989b30a01c5bfb8) Importer(815301076,1909f56bfc062723c751e8b465ee728b)  -> (artifact id: '97d41ae8077ff7e0e25cd212dd2e2db7') in 3.021090 seconds
Number of updated asset objects reloaded before import = 0
Number of asset objects unloaded after import = 3237
========================================================================
Received Prepare
Begin MonoManager ReloadAssembly
- Loaded All Assemblies, in  0.431 seconds
Refreshing native plugins compatible for Editor in 3.36 ms, found 2 plugins.
Native extension for WindowsStandalone target not found
[MODES] ModeService[none].Initialize
[MODES] ModeService[none].LoadModes
[MODES] Loading mode Default (0) for mode-current-id-New Unity Project
Mono: successfully reloaded assembly
- Finished resetting the current domain, in  1.113 seconds
Domain Reload Profiling: 1541ms
	BeginReloadAssembly (157ms)
		ExecutionOrderSort (0ms)
		DisableScriptedObjects (8ms)
		BackupInstance (0ms)
		ReleaseScriptingObjects (0ms)
		CreateAndSetChildDomain (36ms)
	RebuildCommonClasses (33ms)
	RebuildNativeTypeToScriptingClass (12ms)
	initialDomainReloadingComplete (34ms)
	LoadAllAssembliesAndSetupDomain (191ms)
		LoadAssemblies (256ms)
		RebuildTransferFunctionScriptingTraits (0ms)
		AnalyzeDomain (17ms)
			TypeCache.Refresh (6ms)
				TypeCache.ScanAssembly (0ms)
			ScanForSourceGeneratedMonoScriptInfo (0ms)
			ResolveRequiredComponents (10ms)
	FinalizeReload (1114ms)
		ReleaseScriptCaches (0ms)
		RebuildScriptCaches (0ms)
		SetupLoadedEditorAssemblies (480ms)
			LogAssemblyErrors (0ms)
			InitializePlatformSupportModulesInManaged (6ms)
			SetLoadedEditorAssemblies (3ms)
			RefreshPlugins (0ms)
			BeforeProcessingInitializeOnLoad (76ms)
			ProcessInitializeOnLoadAttributes (300ms)
			ProcessInitializeOnLoadMethodAttributes (83ms)
			AfterProcessingInitializeOnLoad (11ms)
			EditorAssembliesLoaded (0ms)
		ExecutionOrderSort2 (0ms)
		AwakeInstancesAfterBackupRestoration (14ms)
Refreshing native plugins compatible for Editor in 6.82 ms, found 2 plugins.
Preloading 0 native plugins for Editor in 0.00 ms.
Unloading 3753 Unused Serialized files (Serialized files now loaded: 0)
Unloading 38 unused Assets / (0.8 MB). Loaded Objects now: 4391.
Memory consumption went from 159.3 MB to 158.5 MB.
Total: 6.509300 ms (FindLiveObjects: 0.618500 ms CreateObjectMapping: 0.130300 ms MarkObjects: 4.827000 ms  DeleteObjects: 0.931900 ms)

Prepare: number of updated asset objects reloaded= 0
AssetImportParameters requested are different than current active one (requested -> active):
  custom:container-demuxer-ogg: 62fdf1f143b41e24485cea50d1cbac27 -> 
  custom:video-codec-MediaFoundation-h265: 746d11721c4dcdbdad8f713fa42b33f4 -> 
  custom:video-decoder-ogg-theora: a1e56fd34408186e4bbccfd4996cb3dc -> 
  custom:framework-win-MediaFoundation: 216162199b28c13a410421893ffa2e32 -> 
  custom:CustomObjectIndexerAttribute: 62b5816608c3102f162a1797e29626cf -> 
  custom:container-demuxer-webm: 4f35f7cbe854078d1ac9338744f61a02 -> 
  custom:container-muxer-webm: aa71ff27fc2769a1b78a27578f13a17b -> 
  custom:video-decoder-webm-vp8: 9c59270c3fd7afecdb556c50c9e8de78 -> 
  custom:SearchIndexIgnoredProperties: e643bd26f0fe6173181afceb89e7c659 -> 
  custom:AudioImporter_EditorPlatform: d09bf68614088b80899f8185d706f6e7 -> 
  custom:video-encoder-webm-vp8: eb34c28f22e8b96e1ab97ce403110664 -> 
  custom:audio-decoder-ogg-vorbis: bf7c407c2cedff20999df2af8eb42d56 -> 
  custom:audio-encoder-webm-vorbis: bf7c407c2cedff20999df2af8eb42d56 -> 
========================================================================
Received Prepare
Begin MonoManager ReloadAssembly
- Loaded All Assemblies, in  0.414 seconds
Refreshing native plugins compatible for Editor in 3.29 ms, found 2 plugins.
Native extension for WindowsStandalone target not found
[MODES] ModeService[none].Initialize
[MODES] ModeService[none].LoadModes
[MODES] Loading mode Default (0) for mode-current-id-New Unity Project
Mono: successfully reloaded assembly
- Finished resetting the current domain, in  1.135 seconds
Domain Reload Profiling: 1546ms
	BeginReloadAssembly (155ms)
		ExecutionOrderSort (0ms)
		DisableScriptedObjects (10ms)
		BackupInstance (0ms)
		ReleaseScriptingObjects (0ms)
		CreateAndSetChildDomain (32ms)
	RebuildCommonClasses (36ms)
	RebuildNativeTypeToScriptingClass (11ms)
	initialDomainReloadingComplete (28ms)
	LoadAllAssembliesAndSetupDomain (181ms)
		LoadAssemblies (245ms)
		RebuildTransferFunctionScriptingTraits (0ms)
		AnalyzeDomain (16ms)
			TypeCache.Refresh (6ms)
				TypeCache.ScanAssembly (0ms)
			ScanForSourceGeneratedMonoScriptInfo (0ms)
			ResolveRequiredComponents (10ms)
	FinalizeReload (1136ms)
		ReleaseScriptCaches (0ms)
		RebuildScriptCaches (0ms)
		SetupLoadedEditorAssemblies (491ms)
			LogAssemblyErrors (0ms)
			InitializePlatformSupportModulesInManaged (8ms)
			SetLoadedEditorAssemblies (4ms)
			RefreshPlugins (0ms)
			BeforeProcessingInitializeOnLoad (87ms)
			ProcessInitializeOnLoadAttributes (305ms)
			ProcessInitializeOnLoadMethodAttributes (77ms)
			AfterProcessingInitializeOnLoad (10ms)
			EditorAssembliesLoaded (0ms)
		ExecutionOrderSort2 (0ms)
		AwakeInstancesAfterBackupRestoration (16ms)
Refreshing native plugins compatible for Editor in 5.01 ms, found 2 plugins.
Preloading 0 native plugins for Editor in 0.00 ms.
Unloading 3753 Unused Serialized files (Serialized files now loaded: 0)
Unloading 38 unused Assets / (0.8 MB). Loaded Objects now: 4408.
Memory consumption went from 161.2 MB to 160.4 MB.
Total: 6.884500 ms (FindLiveObjects: 0.744700 ms CreateObjectMapping: 0.136500 ms MarkObjects: 5.040900 ms  DeleteObjects: 0.961100 ms)

Prepare: number of updated asset objects reloaded= 0
AssetImportParameters requested are different than current active one (requested -> active):
  custom:container-demuxer-ogg: 62fdf1f143b41e24485cea50d1cbac27 -> 
  custom:video-codec-MediaFoundation-h265: 746d11721c4dcdbdad8f713fa42b33f4 -> 
  custom:video-decoder-ogg-theora: a1e56fd34408186e4bbccfd4996cb3dc -> 
  custom:framework-win-MediaFoundation: 216162199b28c13a410421893ffa2e32 -> 
  custom:CustomObjectIndexerAttribute: 62b5816608c3102f162a1797e29626cf -> 
  custom:container-demuxer-webm: 4f35f7cbe854078d1ac9338744f61a02 -> 
  custom:container-muxer-webm: aa71ff27fc2769a1b78a27578f13a17b -> 
  custom:video-decoder-webm-vp8: 9c59270c3fd7afecdb556c50c9e8de78 -> 
  custom:SearchIndexIgnoredProperties: e643bd26f0fe6173181afceb89e7c659 -> 
  custom:AudioImporter_EditorPlatform: d09bf68614088b80899f8185d706f6e7 -> 
  custom:video-encoder-webm-vp8: eb34c28f22e8b96e1ab97ce403110664 -> 
  custom:audio-decoder-ogg-vorbis: bf7c407c2cedff20999df2af8eb42d56 -> 
  custom:audio-encoder-webm-vorbis: bf7c407c2cedff20999df2af8eb42d56 -> 
========================================================================
Received Prepare
Begin MonoManager ReloadAssembly
- Loaded All Assemblies, in  0.396 seconds
Refreshing native plugins compatible for Editor in 2.97 ms, found 2 plugins.
Native extension for WindowsStandalone target not found
[MODES] ModeService[none].Initialize
[MODES] ModeService[none].LoadModes
[MODES] Loading mode Default (0) for mode-current-id-New Unity Project
Mono: successfully reloaded assembly
- Finished resetting the current domain, in  1.093 seconds
Domain Reload Profiling: 1485ms
	BeginReloadAssembly (145ms)
		ExecutionOrderSort (0ms)
		DisableScriptedObjects (9ms)
		BackupInstance (0ms)
		ReleaseScriptingObjects (0ms)
		CreateAndSetChildDomain (31ms)
	RebuildCommonClasses (32ms)
	RebuildNativeTypeToScriptingClass (11ms)
	initialDomainReloadingComplete (29ms)
	LoadAllAssembliesAndSetupDomain (175ms)
		LoadAssemblies (235ms)
		RebuildTransferFunctionScriptingTraits (0ms)
		AnalyzeDomain (16ms)
			TypeCache.Refresh (5ms)
				TypeCache.ScanAssembly (0ms)
			ScanForSourceGeneratedMonoScriptInfo (0ms)
			ResolveRequiredComponents (10ms)
	FinalizeReload (1093ms)
		ReleaseScriptCaches (0ms)
		RebuildScriptCaches (0ms)
		SetupLoadedEditorAssemblies (451ms)
			LogAssemblyErrors (0ms)
			InitializePlatformSupportModulesInManaged (7ms)
			SetLoadedEditorAssemblies (4ms)
			RefreshPlugins (0ms)
			BeforeProcessingInitializeOnLoad (77ms)
			ProcessInitializeOnLoadAttributes (280ms)
			ProcessInitializeOnLoadMethodAttributes (75ms)
			AfterProcessingInitializeOnLoad (9ms)
			EditorAssembliesLoaded (0ms)
		ExecutionOrderSort2 (0ms)
		AwakeInstancesAfterBackupRestoration (17ms)
Refreshing native plugins compatible for Editor in 5.33 ms, found 2 plugins.
Preloading 0 native plugins for Editor in 0.00 ms.
Unloading 3753 Unused Serialized files (Serialized files now loaded: 0)
Unloading 38 unused Assets / (0.8 MB). Loaded Objects now: 4425.
Memory consumption went from 163.2 MB to 162.4 MB.
Total: 5.645800 ms (FindLiveObjects: 0.570000 ms CreateObjectMapping: 0.160500 ms MarkObjects: 4.250300 ms  DeleteObjects: 0.663400 ms)

Prepare: number of updated asset objects reloaded= 0
AssetImportParameters requested are different than current active one (requested -> active):
  custom:container-demuxer-ogg: 62fdf1f143b41e24485cea50d1cbac27 -> 
  custom:video-codec-MediaFoundation-h265: 746d11721c4dcdbdad8f713fa42b33f4 -> 
  custom:video-decoder-ogg-theora: a1e56fd34408186e4bbccfd4996cb3dc -> 
  custom:framework-win-MediaFoundation: 216162199b28c13a410421893ffa2e32 -> 
  custom:CustomObjectIndexerAttribute: 62b5816608c3102f162a1797e29626cf -> 
  custom:container-demuxer-webm: 4f35f7cbe854078d1ac9338744f61a02 -> 
  custom:container-muxer-webm: aa71ff27fc2769a1b78a27578f13a17b -> 
  custom:video-decoder-webm-vp8: 9c59270c3fd7afecdb556c50c9e8de78 -> 
  custom:SearchIndexIgnoredProperties: e643bd26f0fe6173181afceb89e7c659 -> 
  custom:AudioImporter_EditorPlatform: d09bf68614088b80899f8185d706f6e7 -> 
  custom:video-encoder-webm-vp8: eb34c28f22e8b96e1ab97ce403110664 -> 
  custom:audio-decoder-ogg-vorbis: bf7c407c2cedff20999df2af8eb42d56 -> 
  custom:audio-encoder-webm-vorbis: bf7c407c2cedff20999df2af8eb42d56 -> 
========================================================================
Received Import Request.
  Time since last request: 102.477013 seconds.
  path: Assets/Scenes/Scene 2.unity
  artifactKey: Guid(83b8438e2effcb341badbc9bdfc4f997) Importer(815301076,1909f56bfc062723c751e8b465ee728b)
Start importing Assets/Scenes/Scene 2.unity using Guid(83b8438e2effcb341badbc9bdfc4f997) Importer(815301076,1909f56bfc062723c751e8b465ee728b)  -> (artifact id: '1d166d3f8079ab8e30a3bab3d3c6e53f') in 0.013704 seconds
Number of updated asset objects reloaded before import = 0
Number of asset objects unloaded after import = 0
========================================================================
Received Prepare
Begin MonoManager ReloadAssembly
- Loaded All Assemblies, in  0.395 seconds
Refreshing native plugins compatible for Editor in 3.81 ms, found 2 plugins.
Native extension for WindowsStandalone target not found
Error saving file Library/StateCache/LayerSettings/9e/9ecc5c3c162a7aba29bafa64c8b94b7c.json. Error: System.IO.IOException: Sharing violation on path C:\Users\carla\Desktop\Videojuego-AVM\VeilOfLight\Library\StateCache\LayerSettings\9e\9ecc5c3c162a7aba29bafa64c8b94b7c.json
  at System.IO.FileStream..ctor (System.String path, System.IO.FileMode mode, System.IO.FileAccess access, System.IO.FileShare share, System.Int32 bufferSize, System.Boolean anonymous, System.IO.FileOptions options) [0x0019e] in <dc753a1061284f8e971ee88ee4826eee>:0 
  at System.IO.FileStream..ctor (System.String path, System.IO.FileMode mode, System.IO.FileAccess access, System.IO.FileShare share, System.Int32 bufferSize, System.IO.FileOptions options) [0x00000] in <dc753a1061284f8e971ee88ee4826eee>:0 
  at (wrapper remoting-invoke-with-check) System.IO.FileStream..ctor(string,System.IO.FileMode,System.IO.FileAccess,System.IO.FileShare,int,System.IO.FileOptions)
  at System.IO.StreamWriter..ctor (System.String path, System.Boolean append, System.Text.Encoding encoding, System.Int32 bufferSize) [0x00055] in <dc753a1061284f8e971ee88ee4826eee>:0 
  at System.IO.StreamWriter..ctor (System.String path, System.Boolean append, System.Text.Encoding encoding) [0x00000] in <dc753a1061284f8e971ee88ee4826eee>:0 
  at (wrapper remoting-invoke-with-check) System.IO.StreamWriter..ctor(string,bool,System.Text.Encoding)
  at System.IO.File.WriteAllText (System.String path, System.String contents, System.Text.Encoding encoding) [0x00034] in <dc753a1061284f8e971ee88ee4826eee>:0 
  at UnityEditor.StateCache`1[T].SetState (UnityEngine.Hash128 key, T obj) [0x0004b] in <5d5ebefe97114215928ac1d9cd096522>:0 
UnityEngine.StackTraceUtility:ExtractStackTrace ()
UnityEngine.DebugLogHandler:LogFormat (UnityEngine.LogType,UnityEngine.Object,string,object[])
UnityEngine.Logger:Log (UnityEngine.LogType,object)
UnityEngine.Debug:LogError (object)
UnityEditor.StateCache`1<UnityEditor.Tools/LayerSettings>:SetState (UnityEngine.Hash128,UnityEditor.Tools/LayerSettings)
UnityEditor.Tools:set_lockedLayers (int)
UnityEditor.Tools:OnEnable ()
UnityEngine.ScriptableObject:CreateInstance (System.Type)
UnityEngine.ScriptableObject:CreateInstance<UnityEditor.Tools> ()
UnityEditor.Tools:get_get ()
UnityEditor.Tools:get_visibleLayers ()
UnityEditor.Animations.Rigging.BoneRendererUtils:.cctor () (at ./Library/PackageCache/com.unity.animation.rigging@1.2.1/Editor/Utils/BoneRendererUtils.cs:121)
System.Runtime.CompilerServices.RuntimeHelpers:RunClassConstructor (System.RuntimeTypeHandle)
UnityEditor.EditorAssemblies:ProcessInitializeOnLoadAttributes (System.Type[])

(Filename: ./Library/PackageCache/com.unity.animation.rigging@1.2.1/Editor/Utils/BoneRendererUtils.cs Line: 121)

[MODES] ModeService[none].Initialize
[MODES] ModeService[none].LoadModes
[MODES] Loading mode Default (0) for mode-current-id-New Unity Project
Mono: successfully reloaded assembly
- Finished resetting the current domain, in  1.084 seconds
Domain Reload Profiling: 1475ms
	BeginReloadAssembly (146ms)
		ExecutionOrderSort (0ms)
		DisableScriptedObjects (12ms)
		BackupInstance (0ms)
		ReleaseScriptingObjects (0ms)
		CreateAndSetChildDomain (30ms)
	RebuildCommonClasses (33ms)
	RebuildNativeTypeToScriptingClass (11ms)
	initialDomainReloadingComplete (28ms)
	LoadAllAssembliesAndSetupDomain (171ms)
		LoadAssemblies (230ms)
		RebuildTransferFunctionScriptingTraits (0ms)
		AnalyzeDomain (16ms)
			TypeCache.Refresh (5ms)
				TypeCache.ScanAssembly (0ms)
			ScanForSourceGeneratedMonoScriptInfo (0ms)
			ResolveRequiredComponents (10ms)
	FinalizeReload (1085ms)
		ReleaseScriptCaches (0ms)
		RebuildScriptCaches (0ms)
		SetupLoadedEditorAssemblies (478ms)
			LogAssemblyErrors (0ms)
			InitializePlatformSupportModulesInManaged (6ms)
			SetLoadedEditorAssemblies (3ms)
			RefreshPlugins (0ms)
			BeforeProcessingInitializeOnLoad (74ms)
			ProcessInitializeOnLoadAttributes (304ms)
			ProcessInitializeOnLoadMethodAttributes (80ms)
			AfterProcessingInitializeOnLoad (11ms)
			EditorAssembliesLoaded (0ms)
		ExecutionOrderSort2 (0ms)
		AwakeInstancesAfterBackupRestoration (21ms)
Refreshing native plugins compatible for Editor in 6.51 ms, found 2 plugins.
Preloading 0 native plugins for Editor in 0.00 ms.
Unloading 3753 Unused Serialized files (Serialized files now loaded: 0)
Unloading 38 unused Assets / (0.8 MB). Loaded Objects now: 4442.
Memory consumption went from 165.2 MB to 164.4 MB.
Total: 7.887900 ms (FindLiveObjects: 0.596100 ms CreateObjectMapping: 0.139800 ms MarkObjects: 6.136300 ms  DeleteObjects: 1.014000 ms)

Prepare: number of updated asset objects reloaded= 0
AssetImportParameters requested are different than current active one (requested -> active):
  custom:container-demuxer-ogg: 62fdf1f143b41e24485cea50d1cbac27 -> 
  custom:video-codec-MediaFoundation-h265: 746d11721c4dcdbdad8f713fa42b33f4 -> 
  custom:video-decoder-ogg-theora: a1e56fd34408186e4bbccfd4996cb3dc -> 
  custom:framework-win-MediaFoundation: 216162199b28c13a410421893ffa2e32 -> 
  custom:CustomObjectIndexerAttribute: 62b5816608c3102f162a1797e29626cf -> 
  custom:container-demuxer-webm: 4f35f7cbe854078d1ac9338744f61a02 -> 
  custom:container-muxer-webm: aa71ff27fc2769a1b78a27578f13a17b -> 
  custom:video-decoder-webm-vp8: 9c59270c3fd7afecdb556c50c9e8de78 -> 
  custom:SearchIndexIgnoredProperties: e643bd26f0fe6173181afceb89e7c659 -> 
  custom:AudioImporter_EditorPlatform: d09bf68614088b80899f8185d706f6e7 -> 
  custom:video-encoder-webm-vp8: eb34c28f22e8b96e1ab97ce403110664 -> 
  custom:audio-decoder-ogg-vorbis: bf7c407c2cedff20999df2af8eb42d56 -> 
  custom:audio-encoder-webm-vorbis: bf7c407c2cedff20999df2af8eb42d56 -> 
========================================================================
Received Import Request.
  Time since last request: 97.079817 seconds.
  path: Assets/Scenes/Scene 2.unity
  artifactKey: Guid(83b8438e2effcb341badbc9bdfc4f997) Importer(815301076,1909f56bfc062723c751e8b465ee728b)
Start importing Assets/Scenes/Scene 2.unity using Guid(83b8438e2effcb341badbc9bdfc4f997) Importer(815301076,1909f56bfc062723c751e8b465ee728b)  -> (artifact id: 'ab458e641ad2a40335b6892e82a6bac2') in 0.001845 seconds
Number of updated asset objects reloaded before import = 0
Number of asset objects unloaded after import = 0
========================================================================
Received Prepare
Begin MonoManager ReloadAssembly
- Loaded All Assemblies, in  0.403 seconds
Refreshing native plugins compatible for Editor in 3.77 ms, found 2 plugins.
Native extension for WindowsStandalone target not found
[MODES] ModeService[none].Initialize
[MODES] ModeService[none].LoadModes
[MODES] Loading mode Default (0) for mode-current-id-New Unity Project
Error saving file Library/StateCache/LayerSettings/9e/9ecc5c3c162a7aba29bafa64c8b94b7c.json. Error: System.IO.IOException: Sharing violation on path C:\Users\carla\Desktop\Videojuego-AVM\VeilOfLight\Library\StateCache\LayerSettings\9e\9ecc5c3c162a7aba29bafa64c8b94b7c.json
  at System.IO.FileStream..ctor (System.String path, System.IO.FileMode mode, System.IO.FileAccess access, System.IO.FileShare share, System.Int32 bufferSize, System.Boolean anonymous, System.IO.FileOptions options) [0x0019e] in <dc753a1061284f8e971ee88ee4826eee>:0 
  at System.IO.FileStream..ctor (System.String path, System.IO.FileMode mode, System.IO.FileAccess access, System.IO.FileShare share, System.Int32 bufferSize, System.IO.FileOptions options) [0x00000] in <dc753a1061284f8e971ee88ee4826eee>:0 
  at (wrapper remoting-invoke-with-check) System.IO.FileStream..ctor(string,System.IO.FileMode,System.IO.FileAccess,System.IO.FileShare,int,System.IO.FileOptions)
  at System.IO.StreamWriter..ctor (System.String path, System.Boolean append, System.Text.Encoding encoding, System.Int32 bufferSize) [0x00055] in <dc753a1061284f8e971ee88ee4826eee>:0 
  at System.IO.StreamWriter..ctor (System.String path, System.Boolean append, System.Text.Encoding encoding) [0x00000] in <dc753a1061284f8e971ee88ee4826eee>:0 
  at (wrapper remoting-invoke-with-check) System.IO.StreamWriter..ctor(string,bool,System.Text.Encoding)
  at System.IO.File.WriteAllText (System.String path, System.String contents, System.Text.Encoding encoding) [0x00034] in <dc753a1061284f8e971ee88ee4826eee>:0 
  at UnityEditor.StateCache`1[T].SetState (UnityEngine.Hash128 key, T obj) [0x0004b] in <5d5ebefe97114215928ac1d9cd096522>:0 
UnityEngine.StackTraceUtility:ExtractStackTrace ()
UnityEngine.DebugLogHandler:LogFormat (UnityEngine.LogType,UnityEngine.Object,string,object[])
UnityEngine.Logger:Log (UnityEngine.LogType,object)
UnityEngine.Debug:LogError (object)
UnityEditor.StateCache`1<UnityEditor.Tools/LayerSettings>:SetState (UnityEngine.Hash128,UnityEditor.Tools/LayerSettings)
UnityEditor.Tools:set_lockedLayers (int)
UnityEditor.Tools:OnEnable ()

Mono: successfully reloaded assembly
- Finished resetting the current domain, in  1.069 seconds
Domain Reload Profiling: 1468ms
	BeginReloadAssembly (152ms)
		ExecutionOrderSort (0ms)
		DisableScriptedObjects (10ms)
		BackupInstance (0ms)
		ReleaseScriptingObjects (0ms)
		CreateAndSetChildDomain (29ms)
	RebuildCommonClasses (33ms)
	RebuildNativeTypeToScriptingClass (10ms)
	initialDomainReloadingComplete (30ms)
	LoadAllAssembliesAndSetupDomain (172ms)
		LoadAssemblies (238ms)
		RebuildTransferFunctionScriptingTraits (0ms)
		AnalyzeDomain (16ms)
			TypeCache.Refresh (5ms)
				TypeCache.ScanAssembly (0ms)
			ScanForSourceGeneratedMonoScriptInfo (0ms)
			ResolveRequiredComponents (9ms)
	FinalizeReload (1070ms)
		ReleaseScriptCaches (0ms)
		RebuildScriptCaches (0ms)
		SetupLoadedEditorAssemblies (455ms)
			LogAssemblyErrors (0ms)
			InitializePlatformSupportModulesInManaged (6ms)
			SetLoadedEditorAssemblies (3ms)
			RefreshPlugins (0ms)
			BeforeProcessingInitializeOnLoad (80ms)
			ProcessInitializeOnLoadAttributes (278ms)
			ProcessInitializeOnLoadMethodAttributes (77ms)
			AfterProcessingInitializeOnLoad (10ms)
			EditorAssembliesLoaded (0ms)
		ExecutionOrderSort2 (0ms)
		AwakeInstancesAfterBackupRestoration (23ms)
Refreshing native plugins compatible for Editor in 4.97 ms, found 2 plugins.
Preloading 0 native plugins for Editor in 0.00 ms.
Unloading 3753 Unused Serialized files (Serialized files now loaded: 0)
Unloading 38 unused Assets / (0.8 MB). Loaded Objects now: 4459.
Memory consumption went from 167.1 MB to 166.3 MB.
Total: 6.975700 ms (FindLiveObjects: 0.685900 ms CreateObjectMapping: 0.172900 ms MarkObjects: 5.296400 ms  DeleteObjects: 0.819000 ms)

Prepare: number of updated asset objects reloaded= 0
AssetImportParameters requested are different than current active one (requested -> active):
  custom:container-demuxer-ogg: 62fdf1f143b41e24485cea50d1cbac27 -> 
  custom:video-codec-MediaFoundation-h265: 746d11721c4dcdbdad8f713fa42b33f4 -> 
  custom:video-decoder-ogg-theora: a1e56fd34408186e4bbccfd4996cb3dc -> 
  custom:framework-win-MediaFoundation: 216162199b28c13a410421893ffa2e32 -> 
  custom:CustomObjectIndexerAttribute: 62b5816608c3102f162a1797e29626cf -> 
  custom:container-demuxer-webm: 4f35f7cbe854078d1ac9338744f61a02 -> 
  custom:container-muxer-webm: aa71ff27fc2769a1b78a27578f13a17b -> 
  custom:video-decoder-webm-vp8: 9c59270c3fd7afecdb556c50c9e8de78 -> 
  custom:SearchIndexIgnoredProperties: e643bd26f0fe6173181afceb89e7c659 -> 
  custom:AudioImporter_EditorPlatform: d09bf68614088b80899f8185d706f6e7 -> 
  custom:video-encoder-webm-vp8: eb34c28f22e8b96e1ab97ce403110664 -> 
  custom:audio-decoder-ogg-vorbis: bf7c407c2cedff20999df2af8eb42d56 -> 
  custom:audio-encoder-webm-vorbis: bf7c407c2cedff20999df2af8eb42d56 -> 
========================================================================
Received Prepare
Begin MonoManager ReloadAssembly
- Loaded All Assemblies, in  0.379 seconds
Refreshing native plugins compatible for Editor in 4.76 ms, found 2 plugins.
Native extension for WindowsStandalone target not found
[MODES] ModeService[none].Initialize
[MODES] ModeService[none].LoadModes
[MODES] Loading mode Default (0) for mode-current-id-New Unity Project
Mono: successfully reloaded assembly
- Finished resetting the current domain, in  1.085 seconds
Domain Reload Profiling: 1462ms
	BeginReloadAssembly (141ms)
		ExecutionOrderSort (0ms)
		DisableScriptedObjects (9ms)
		BackupInstance (0ms)
		ReleaseScriptingObjects (0ms)
		CreateAndSetChildDomain (29ms)
	RebuildCommonClasses (32ms)
	RebuildNativeTypeToScriptingClass (11ms)
	initialDomainReloadingComplete (26ms)
	LoadAllAssembliesAndSetupDomain (166ms)
		LoadAssemblies (224ms)
		RebuildTransferFunctionScriptingTraits (0ms)
		AnalyzeDomain (15ms)
			TypeCache.Refresh (5ms)
				TypeCache.ScanAssembly (0ms)
			ScanForSourceGeneratedMonoScriptInfo (0ms)
			ResolveRequiredComponents (9ms)
	FinalizeReload (1086ms)
		ReleaseScriptCaches (0ms)
		RebuildScriptCaches (0ms)
		SetupLoadedEditorAssemblies (450ms)
			LogAssemblyErrors (0ms)
			InitializePlatformSupportModulesInManaged (7ms)
			SetLoadedEditorAssemblies (3ms)
			RefreshPlugins (0ms)
			BeforeProcessingInitializeOnLoad (82ms)
			ProcessInitializeOnLoadAttributes (273ms)
			ProcessInitializeOnLoadMethodAttributes (76ms)
			AfterProcessingInitializeOnLoad (9ms)
			EditorAssembliesLoaded (0ms)
		ExecutionOrderSort2 (0ms)
		AwakeInstancesAfterBackupRestoration (19ms)
Refreshing native plugins compatible for Editor in 4.57 ms, found 2 plugins.
Preloading 0 native plugins for Editor in 0.00 ms.
Unloading 3753 Unused Serialized files (Serialized files now loaded: 0)
Unloading 38 unused Assets / (0.8 MB). Loaded Objects now: 4476.
Memory consumption went from 169.1 MB to 168.3 MB.
Total: 5.779300 ms (FindLiveObjects: 0.603600 ms CreateObjectMapping: 0.135000 ms MarkObjects: 4.328600 ms  DeleteObjects: 0.710600 ms)

Prepare: number of updated asset objects reloaded= 0
AssetImportParameters requested are different than current active one (requested -> active):
  custom:container-demuxer-ogg: 62fdf1f143b41e24485cea50d1cbac27 -> 
  custom:video-codec-MediaFoundation-h265: 746d11721c4dcdbdad8f713fa42b33f4 -> 
  custom:video-decoder-ogg-theora: a1e56fd34408186e4bbccfd4996cb3dc -> 
  custom:framework-win-MediaFoundation: 216162199b28c13a410421893ffa2e32 -> 
  custom:CustomObjectIndexerAttribute: 62b5816608c3102f162a1797e29626cf -> 
  custom:container-demuxer-webm: 4f35f7cbe854078d1ac9338744f61a02 -> 
  custom:container-muxer-webm: aa71ff27fc2769a1b78a27578f13a17b -> 
  custom:video-decoder-webm-vp8: 9c59270c3fd7afecdb556c50c9e8de78 -> 
  custom:SearchIndexIgnoredProperties: e643bd26f0fe6173181afceb89e7c659 -> 
  custom:AudioImporter_EditorPlatform: d09bf68614088b80899f8185d706f6e7 -> 
  custom:video-encoder-webm-vp8: eb34c28f22e8b96e1ab97ce403110664 -> 
  custom:audio-decoder-ogg-vorbis: bf7c407c2cedff20999df2af8eb42d56 -> 
  custom:audio-encoder-webm-vorbis: bf7c407c2cedff20999df2af8eb42d56 -> 
========================================================================
Received Prepare
Begin MonoManager ReloadAssembly
- Loaded All Assemblies, in  0.382 seconds
Refreshing native plugins compatible for Editor in 2.95 ms, found 2 plugins.
Native extension for WindowsStandalone target not found
[MODES] ModeService[none].Initialize
[MODES] ModeService[none].LoadModes
[MODES] Loading mode Default (0) for mode-current-id-New Unity Project
Error saving file Library/StateCache/LayerSettings/9e/9ecc5c3c162a7aba29bafa64c8b94b7c.json. Error: System.IO.IOException: Sharing violation on path C:\Users\carla\Desktop\Videojuego-AVM\VeilOfLight\Library\StateCache\LayerSettings\9e\9ecc5c3c162a7aba29bafa64c8b94b7c.json
  at System.IO.FileStream..ctor (System.String path, System.IO.FileMode mode, System.IO.FileAccess access, System.IO.FileShare share, System.Int32 bufferSize, System.Boolean anonymous, System.IO.FileOptions options) [0x0019e] in <dc753a1061284f8e971ee88ee4826eee>:0 
  at System.IO.FileStream..ctor (System.String path, System.IO.FileMode mode, System.IO.FileAccess access, System.IO.FileShare share, System.Int32 bufferSize, System.IO.FileOptions options) [0x00000] in <dc753a1061284f8e971ee88ee4826eee>:0 
  at (wrapper remoting-invoke-with-check) System.IO.FileStream..ctor(string,System.IO.FileMode,System.IO.FileAccess,System.IO.FileShare,int,System.IO.FileOptions)
  at System.IO.StreamWriter..ctor (System.String path, System.Boolean append, System.Text.Encoding encoding, System.Int32 bufferSize) [0x00055] in <dc753a1061284f8e971ee88ee4826eee>:0 
  at System.IO.StreamWriter..ctor (System.String path, System.Boolean append, System.Text.Encoding encoding) [0x00000] in <dc753a1061284f8e971ee88ee4826eee>:0 
  at (wrapper remoting-invoke-with-check) System.IO.StreamWriter..ctor(string,bool,System.Text.Encoding)
  at System.IO.File.WriteAllText (System.String path, System.String contents, System.Text.Encoding encoding) [0x00034] in <dc753a1061284f8e971ee88ee4826eee>:0 
  at UnityEditor.StateCache`1[T].SetState (UnityEngine.Hash128 key, T obj) [0x0004b] in <5d5ebefe97114215928ac1d9cd096522>:0 
UnityEngine.StackTraceUtility:ExtractStackTrace ()
UnityEngine.DebugLogHandler:LogFormat (UnityEngine.LogType,UnityEngine.Object,string,object[])
UnityEngine.Logger:Log (UnityEngine.LogType,object)
UnityEngine.Debug:LogError (object)
UnityEditor.StateCache`1<UnityEditor.Tools/LayerSettings>:SetState (UnityEngine.Hash128,UnityEditor.Tools/LayerSettings)
UnityEditor.Tools:set_lockedLayers (int)
UnityEditor.Tools:OnEnable ()

Mono: successfully reloaded assembly
- Finished resetting the current domain, in  1.044 seconds
Domain Reload Profiling: 1422ms
	BeginReloadAssembly (147ms)
		ExecutionOrderSort (0ms)
		DisableScriptedObjects (12ms)
		BackupInstance (0ms)
		ReleaseScriptingObjects (0ms)
		CreateAndSetChildDomain (30ms)
	RebuildCommonClasses (32ms)
	RebuildNativeTypeToScriptingClass (10ms)
	initialDomainReloadingComplete (28ms)
	LoadAllAssembliesAndSetupDomain (160ms)
		LoadAssemblies (221ms)
		RebuildTransferFunctionScriptingTraits (0ms)
		AnalyzeDomain (15ms)
			TypeCache.Refresh (5ms)
				TypeCache.ScanAssembly (0ms)
			ScanForSourceGeneratedMonoScriptInfo (0ms)
			ResolveRequiredComponents (10ms)
	FinalizeReload (1044ms)
		ReleaseScriptCaches (0ms)
		RebuildScriptCaches (0ms)
		SetupLoadedEditorAssemblies (446ms)
			LogAssemblyErrors (0ms)
			InitializePlatformSupportModulesInManaged (7ms)
			SetLoadedEditorAssemblies (3ms)
			RefreshPlugins (0ms)
			BeforeProcessingInitializeOnLoad (76ms)
			ProcessInitializeOnLoadAttributes (273ms)
			ProcessInitializeOnLoadMethodAttributes (77ms)
			AfterProcessingInitializeOnLoad (9ms)
			EditorAssembliesLoaded (0ms)
		ExecutionOrderSort2 (0ms)
		AwakeInstancesAfterBackupRestoration (21ms)
Refreshing native plugins compatible for Editor in 4.84 ms, found 2 plugins.
Preloading 0 native plugins for Editor in 0.00 ms.
Unloading 3753 Unused Serialized files (Serialized files now loaded: 0)
Unloading 38 unused Assets / (0.8 MB). Loaded Objects now: 4493.
Memory consumption went from 171.0 MB to 170.2 MB.
Total: 5.963400 ms (FindLiveObjects: 0.622700 ms CreateObjectMapping: 0.153000 ms MarkObjects: 4.521500 ms  DeleteObjects: 0.664700 ms)

Prepare: number of updated asset objects reloaded= 0
AssetImportParameters requested are different than current active one (requested -> active):
  custom:container-demuxer-ogg: 62fdf1f143b41e24485cea50d1cbac27 -> 
  custom:video-codec-MediaFoundation-h265: 746d11721c4dcdbdad8f713fa42b33f4 -> 
  custom:video-decoder-ogg-theora: a1e56fd34408186e4bbccfd4996cb3dc -> 
  custom:framework-win-MediaFoundation: 216162199b28c13a410421893ffa2e32 -> 
  custom:CustomObjectIndexerAttribute: 62b5816608c3102f162a1797e29626cf -> 
  custom:container-demuxer-webm: 4f35f7cbe854078d1ac9338744f61a02 -> 
  custom:container-muxer-webm: aa71ff27fc2769a1b78a27578f13a17b -> 
  custom:video-decoder-webm-vp8: 9c59270c3fd7afecdb556c50c9e8de78 -> 
  custom:SearchIndexIgnoredProperties: e643bd26f0fe6173181afceb89e7c659 -> 
  custom:AudioImporter_EditorPlatform: d09bf68614088b80899f8185d706f6e7 -> 
  custom:video-encoder-webm-vp8: eb34c28f22e8b96e1ab97ce403110664 -> 
  custom:audio-decoder-ogg-vorbis: bf7c407c2cedff20999df2af8eb42d56 -> 
  custom:audio-encoder-webm-vorbis: bf7c407c2cedff20999df2af8eb42d56 -> 
========================================================================
Received Prepare
Begin MonoManager ReloadAssembly
- Loaded All Assemblies, in  0.388 seconds
Refreshing native plugins compatible for Editor in 3.15 ms, found 2 plugins.
Native extension for WindowsStandalone target not found
[MODES] ModeService[none].Initialize
[MODES] ModeService[none].LoadModes
[MODES] Loading mode Default (0) for mode-current-id-New Unity Project
Error saving file Library/StateCache/LayerSettings/9e/9ecc5c3c162a7aba29bafa64c8b94b7c.json. Error: System.IO.IOException: Sharing violation on path C:\Users\carla\Desktop\Videojuego-AVM\VeilOfLight\Library\StateCache\LayerSettings\9e\9ecc5c3c162a7aba29bafa64c8b94b7c.json
  at System.IO.FileStream..ctor (System.String path, System.IO.FileMode mode, System.IO.FileAccess access, System.IO.FileShare share, System.Int32 bufferSize, System.Boolean anonymous, System.IO.FileOptions options) [0x0019e] in <dc753a1061284f8e971ee88ee4826eee>:0 
  at System.IO.FileStream..ctor (System.String path, System.IO.FileMode mode, System.IO.FileAccess access, System.IO.FileShare share, System.Int32 bufferSize, System.IO.FileOptions options) [0x00000] in <dc753a1061284f8e971ee88ee4826eee>:0 
  at (wrapper remoting-invoke-with-check) System.IO.FileStream..ctor(string,System.IO.FileMode,System.IO.FileAccess,System.IO.FileShare,int,System.IO.FileOptions)
  at System.IO.StreamWriter..ctor (System.String path, System.Boolean append, System.Text.Encoding encoding, System.Int32 bufferSize) [0x00055] in <dc753a1061284f8e971ee88ee4826eee>:0 
  at System.IO.StreamWriter..ctor (System.String path, System.Boolean append, System.Text.Encoding encoding) [0x00000] in <dc753a1061284f8e971ee88ee4826eee>:0 
  at (wrapper remoting-invoke-with-check) System.IO.StreamWriter..ctor(string,bool,System.Text.Encoding)
  at System.IO.File.WriteAllText (System.String path, System.String contents, System.Text.Encoding encoding) [0x00034] in <dc753a1061284f8e971ee88ee4826eee>:0 
  at UnityEditor.StateCache`1[T].SetState (UnityEngine.Hash128 key, T obj) [0x0004b] in <5d5ebefe97114215928ac1d9cd096522>:0 
UnityEngine.StackTraceUtility:ExtractStackTrace ()
UnityEngine.DebugLogHandler:LogFormat (UnityEngine.LogType,UnityEngine.Object,string,object[])
UnityEngine.Logger:Log (UnityEngine.LogType,object)
UnityEngine.Debug:LogError (object)
UnityEditor.StateCache`1<UnityEditor.Tools/LayerSettings>:SetState (UnityEngine.Hash128,UnityEditor.Tools/LayerSettings)
UnityEditor.Tools:set_lockedLayers (int)
UnityEditor.Tools:OnEnable ()

Mono: successfully reloaded assembly
- Finished resetting the current domain, in  1.085 seconds
Domain Reload Profiling: 1468ms
	BeginReloadAssembly (144ms)
		ExecutionOrderSort (0ms)
		DisableScriptedObjects (9ms)
		BackupInstance (0ms)
		ReleaseScriptingObjects (0ms)
		CreateAndSetChildDomain (27ms)
	RebuildCommonClasses (33ms)
	RebuildNativeTypeToScriptingClass (10ms)
	initialDomainReloadingComplete (27ms)
	LoadAllAssembliesAndSetupDomain (169ms)
		LoadAssemblies (231ms)
		RebuildTransferFunctionScriptingTraits (0ms)
		AnalyzeDomain (15ms)
			TypeCache.Refresh (5ms)
				TypeCache.ScanAssembly (0ms)
			ScanForSourceGeneratedMonoScriptInfo (0ms)
			ResolveRequiredComponents (9ms)
	FinalizeReload (1085ms)
		ReleaseScriptCaches (0ms)
		RebuildScriptCaches (0ms)
		SetupLoadedEditorAssemblies (452ms)
			LogAssemblyErrors (0ms)
			InitializePlatformSupportModulesInManaged (7ms)
			SetLoadedEditorAssemblies (4ms)
			RefreshPlugins (0ms)
			BeforeProcessingInitializeOnLoad (79ms)
			ProcessInitializeOnLoadAttributes (275ms)
			ProcessInitializeOnLoadMethodAttributes (77ms)
			AfterProcessingInitializeOnLoad (9ms)
			EditorAssembliesLoaded (0ms)
		ExecutionOrderSort2 (0ms)
		AwakeInstancesAfterBackupRestoration (25ms)
Refreshing native plugins compatible for Editor in 5.35 ms, found 2 plugins.
Preloading 0 native plugins for Editor in 0.00 ms.
Unloading 3753 Unused Serialized files (Serialized files now loaded: 0)
Unloading 38 unused Assets / (0.8 MB). Loaded Objects now: 4510.
Memory consumption went from 172.9 MB to 172.1 MB.
Total: 7.545800 ms (FindLiveObjects: 1.096300 ms CreateObjectMapping: 0.184900 ms MarkObjects: 5.442800 ms  DeleteObjects: 0.820100 ms)

Prepare: number of updated asset objects reloaded= 0
AssetImportParameters requested are different than current active one (requested -> active):
  custom:container-demuxer-ogg: 62fdf1f143b41e24485cea50d1cbac27 -> 
  custom:video-codec-MediaFoundation-h265: 746d11721c4dcdbdad8f713fa42b33f4 -> 
  custom:video-decoder-ogg-theora: a1e56fd34408186e4bbccfd4996cb3dc -> 
  custom:framework-win-MediaFoundation: 216162199b28c13a410421893ffa2e32 -> 
  custom:CustomObjectIndexerAttribute: 62b5816608c3102f162a1797e29626cf -> 
  custom:container-demuxer-webm: 4f35f7cbe854078d1ac9338744f61a02 -> 
  custom:container-muxer-webm: aa71ff27fc2769a1b78a27578f13a17b -> 
  custom:video-decoder-webm-vp8: 9c59270c3fd7afecdb556c50c9e8de78 -> 
  custom:SearchIndexIgnoredProperties: e643bd26f0fe6173181afceb89e7c659 -> 
  custom:AudioImporter_EditorPlatform: d09bf68614088b80899f8185d706f6e7 -> 
  custom:video-encoder-webm-vp8: eb34c28f22e8b96e1ab97ce403110664 -> 
  custom:audio-decoder-ogg-vorbis: bf7c407c2cedff20999df2af8eb42d56 -> 
  custom:audio-encoder-webm-vorbis: bf7c407c2cedff20999df2af8eb42d56 -> 
========================================================================
Received Prepare
Begin MonoManager ReloadAssembly
- Loaded All Assemblies, in  0.386 seconds
Refreshing native plugins compatible for Editor in 4.47 ms, found 2 plugins.
Native extension for WindowsStandalone target not found
[MODES] ModeService[none].Initialize
[MODES] ModeService[none].LoadModes
[MODES] Loading mode Default (0) for mode-current-id-New Unity Project
Error saving file Library/StateCache/LayerSettings/9e/9ecc5c3c162a7aba29bafa64c8b94b7c.json. Error: System.IO.IOException: Sharing violation on path C:\Users\carla\Desktop\Videojuego-AVM\VeilOfLight\Library\StateCache\LayerSettings\9e\9ecc5c3c162a7aba29bafa64c8b94b7c.json
  at System.IO.FileStream..ctor (System.String path, System.IO.FileMode mode, System.IO.FileAccess access, System.IO.FileShare share, System.Int32 bufferSize, System.Boolean anonymous, System.IO.FileOptions options) [0x0019e] in <dc753a1061284f8e971ee88ee4826eee>:0 
  at System.IO.FileStream..ctor (System.String path, System.IO.FileMode mode, System.IO.FileAccess access, System.IO.FileShare share, System.Int32 bufferSize, System.IO.FileOptions options) [0x00000] in <dc753a1061284f8e971ee88ee4826eee>:0 
  at (wrapper remoting-invoke-with-check) System.IO.FileStream..ctor(string,System.IO.FileMode,System.IO.FileAccess,System.IO.FileShare,int,System.IO.FileOptions)
  at System.IO.StreamWriter..ctor (System.String path, System.Boolean append, System.Text.Encoding encoding, System.Int32 bufferSize) [0x00055] in <dc753a1061284f8e971ee88ee4826eee>:0 
  at System.IO.StreamWriter..ctor (System.String path, System.Boolean append, System.Text.Encoding encoding) [0x00000] in <dc753a1061284f8e971ee88ee4826eee>:0 
  at (wrapper remoting-invoke-with-check) System.IO.StreamWriter..ctor(string,bool,System.Text.Encoding)
  at System.IO.File.WriteAllText (System.String path, System.String contents, System.Text.Encoding encoding) [0x00034] in <dc753a1061284f8e971ee88ee4826eee>:0 
  at UnityEditor.StateCache`1[T].SetState (UnityEngine.Hash128 key, T obj) [0x0004b] in <5d5ebefe97114215928ac1d9cd096522>:0 
UnityEngine.StackTraceUtility:ExtractStackTrace ()
UnityEngine.DebugLogHandler:LogFormat (UnityEngine.LogType,UnityEngine.Object,string,object[])
UnityEngine.Logger:Log (UnityEngine.LogType,object)
UnityEngine.Debug:LogError (object)
UnityEditor.StateCache`1<UnityEditor.Tools/LayerSettings>:SetState (UnityEngine.Hash128,UnityEditor.Tools/LayerSettings)
UnityEditor.Tools:set_lockedLayers (int)
UnityEditor.Tools:OnEnable ()

Mono: successfully reloaded assembly
- Finished resetting the current domain, in  1.096 seconds
Domain Reload Profiling: 1478ms
	BeginReloadAssembly (145ms)
		ExecutionOrderSort (0ms)
		DisableScriptedObjects (9ms)
		BackupInstance (0ms)
		ReleaseScriptingObjects (0ms)
		CreateAndSetChildDomain (33ms)
	RebuildCommonClasses (32ms)
	RebuildNativeTypeToScriptingClass (10ms)
	initialDomainReloadingComplete (27ms)
	LoadAllAssembliesAndSetupDomain (167ms)
		LoadAssemblies (225ms)
		RebuildTransferFunctionScriptingTraits (0ms)
		AnalyzeDomain (16ms)
			TypeCache.Refresh (5ms)
				TypeCache.ScanAssembly (0ms)
			ScanForSourceGeneratedMonoScriptInfo (0ms)
			ResolveRequiredComponents (9ms)
	FinalizeReload (1097ms)
		ReleaseScriptCaches (0ms)
		RebuildScriptCaches (0ms)
		SetupLoadedEditorAssemblies (457ms)
			LogAssemblyErrors (0ms)
			InitializePlatformSupportModulesInManaged (7ms)
			SetLoadedEditorAssemblies (3ms)
			RefreshPlugins (0ms)
			BeforeProcessingInitializeOnLoad (80ms)
			ProcessInitializeOnLoadAttributes (277ms)
			ProcessInitializeOnLoadMethodAttributes (81ms)
			AfterProcessingInitializeOnLoad (9ms)
			EditorAssembliesLoaded (0ms)
		ExecutionOrderSort2 (0ms)
		AwakeInstancesAfterBackupRestoration (24ms)
Refreshing native plugins compatible for Editor in 5.37 ms, found 2 plugins.
Preloading 0 native plugins for Editor in 0.00 ms.
Unloading 3753 Unused Serialized files (Serialized files now loaded: 0)
Unloading 38 unused Assets / (0.8 MB). Loaded Objects now: 4527.
Memory consumption went from 174.9 MB to 174.1 MB.
Total: 7.150200 ms (FindLiveObjects: 0.659500 ms CreateObjectMapping: 0.144700 ms MarkObjects: 5.545100 ms  DeleteObjects: 0.799300 ms)

Prepare: number of updated asset objects reloaded= 0
AssetImportParameters requested are different than current active one (requested -> active):
  custom:container-demuxer-ogg: 62fdf1f143b41e24485cea50d1cbac27 -> 
  custom:video-codec-MediaFoundation-h265: 746d11721c4dcdbdad8f713fa42b33f4 -> 
  custom:video-decoder-ogg-theora: a1e56fd34408186e4bbccfd4996cb3dc -> 
  custom:framework-win-MediaFoundation: 216162199b28c13a410421893ffa2e32 -> 
  custom:CustomObjectIndexerAttribute: 62b5816608c3102f162a1797e29626cf -> 
  custom:container-demuxer-webm: 4f35f7cbe854078d1ac9338744f61a02 -> 
  custom:container-muxer-webm: aa71ff27fc2769a1b78a27578f13a17b -> 
  custom:video-decoder-webm-vp8: 9c59270c3fd7afecdb556c50c9e8de78 -> 
  custom:SearchIndexIgnoredProperties: e643bd26f0fe6173181afceb89e7c659 -> 
  custom:AudioImporter_EditorPlatform: d09bf68614088b80899f8185d706f6e7 -> 
  custom:video-encoder-webm-vp8: eb34c28f22e8b96e1ab97ce403110664 -> 
  custom:audio-decoder-ogg-vorbis: bf7c407c2cedff20999df2af8eb42d56 -> 
  custom:audio-encoder-webm-vorbis: bf7c407c2cedff20999df2af8eb42d56 -> 
========================================================================
Received Prepare
Begin MonoManager ReloadAssembly
- Loaded All Assemblies, in  0.387 seconds
Refreshing native plugins compatible for Editor in 3.92 ms, found 2 plugins.
Native extension for WindowsStandalone target not found
[MODES] ModeService[none].Initialize
[MODES] ModeService[none].LoadModes
[MODES] Loading mode Default (0) for mode-current-id-New Unity Project
Mono: successfully reloaded assembly
- Finished resetting the current domain, in  1.060 seconds
Domain Reload Profiling: 1443ms
	BeginReloadAssembly (150ms)
		ExecutionOrderSort (0ms)
		DisableScriptedObjects (9ms)
		BackupInstance (0ms)
		ReleaseScriptingObjects (0ms)
		CreateAndSetChildDomain (34ms)
	RebuildCommonClasses (32ms)
	RebuildNativeTypeToScriptingClass (10ms)
	initialDomainReloadingComplete (27ms)
	LoadAllAssembliesAndSetupDomain (163ms)
		LoadAssemblies (225ms)
		RebuildTransferFunctionScriptingTraits (0ms)
		AnalyzeDomain (15ms)
			TypeCache.Refresh (5ms)
				TypeCache.ScanAssembly (0ms)
			ScanForSourceGeneratedMonoScriptInfo (0ms)
			ResolveRequiredComponents (9ms)
	FinalizeReload (1060ms)
		ReleaseScriptCaches (0ms)
		RebuildScriptCaches (0ms)
		SetupLoadedEditorAssemblies (465ms)
			LogAssemblyErrors (0ms)
			InitializePlatformSupportModulesInManaged (7ms)
			SetLoadedEditorAssemblies (3ms)
			RefreshPlugins (0ms)
			BeforeProcessingInitializeOnLoad (81ms)
			ProcessInitializeOnLoadAttributes (287ms)
			ProcessInitializeOnLoadMethodAttributes (78ms)
			AfterProcessingInitializeOnLoad (10ms)
			EditorAssembliesLoaded (0ms)
		ExecutionOrderSort2 (0ms)
		AwakeInstancesAfterBackupRestoration (21ms)
Refreshing native plugins compatible for Editor in 5.50 ms, found 2 plugins.
Preloading 0 native plugins for Editor in 0.00 ms.
Unloading 3753 Unused Serialized files (Serialized files now loaded: 0)
Unloading 38 unused Assets / (0.8 MB). Loaded Objects now: 4544.
Memory consumption went from 176.8 MB to 176.0 MB.
Total: 7.141300 ms (FindLiveObjects: 0.912500 ms CreateObjectMapping: 0.196800 ms MarkObjects: 4.858000 ms  DeleteObjects: 1.172000 ms)

Prepare: number of updated asset objects reloaded= 0
AssetImportParameters requested are different than current active one (requested -> active):
  custom:container-demuxer-ogg: 62fdf1f143b41e24485cea50d1cbac27 -> 
  custom:video-codec-MediaFoundation-h265: 746d11721c4dcdbdad8f713fa42b33f4 -> 
  custom:video-decoder-ogg-theora: a1e56fd34408186e4bbccfd4996cb3dc -> 
  custom:framework-win-MediaFoundation: 216162199b28c13a410421893ffa2e32 -> 
  custom:CustomObjectIndexerAttribute: 62b5816608c3102f162a1797e29626cf -> 
  custom:container-demuxer-webm: 4f35f7cbe854078d1ac9338744f61a02 -> 
  custom:container-muxer-webm: aa71ff27fc2769a1b78a27578f13a17b -> 
  custom:video-decoder-webm-vp8: 9c59270c3fd7afecdb556c50c9e8de78 -> 
  custom:SearchIndexIgnoredProperties: e643bd26f0fe6173181afceb89e7c659 -> 
  custom:AudioImporter_EditorPlatform: d09bf68614088b80899f8185d706f6e7 -> 
  custom:video-encoder-webm-vp8: eb34c28f22e8b96e1ab97ce403110664 -> 
  custom:audio-decoder-ogg-vorbis: bf7c407c2cedff20999df2af8eb42d56 -> 
  custom:audio-encoder-webm-vorbis: bf7c407c2cedff20999df2af8eb42d56 -> 
========================================================================
Received Prepare
Begin MonoManager ReloadAssembly
- Loaded All Assemblies, in  0.387 seconds
Refreshing native plugins compatible for Editor in 3.55 ms, found 2 plugins.
Native extension for WindowsStandalone target not found
[MODES] ModeService[none].Initialize
[MODES] ModeService[none].LoadModes
[MODES] Loading mode Default (0) for mode-current-id-New Unity Project
Error saving file Library/StateCache/LayerSettings/9e/9ecc5c3c162a7aba29bafa64c8b94b7c.json. Error: System.IO.IOException: Sharing violation on path C:\Users\carla\Desktop\Videojuego-AVM\VeilOfLight\Library\StateCache\LayerSettings\9e\9ecc5c3c162a7aba29bafa64c8b94b7c.json
  at System.IO.FileStream..ctor (System.String path, System.IO.FileMode mode, System.IO.FileAccess access, System.IO.FileShare share, System.Int32 bufferSize, System.Boolean anonymous, System.IO.FileOptions options) [0x0019e] in <dc753a1061284f8e971ee88ee4826eee>:0 
  at System.IO.FileStream..ctor (System.String path, System.IO.FileMode mode, System.IO.FileAccess access, System.IO.FileShare share, System.Int32 bufferSize, System.IO.FileOptions options) [0x00000] in <dc753a1061284f8e971ee88ee4826eee>:0 
  at (wrapper remoting-invoke-with-check) System.IO.FileStream..ctor(string,System.IO.FileMode,System.IO.FileAccess,System.IO.FileShare,int,System.IO.FileOptions)
  at System.IO.StreamWriter..ctor (System.String path, System.Boolean append, System.Text.Encoding encoding, System.Int32 bufferSize) [0x00055] in <dc753a1061284f8e971ee88ee4826eee>:0 
  at System.IO.StreamWriter..ctor (System.String path, System.Boolean append, System.Text.Encoding encoding) [0x00000] in <dc753a1061284f8e971ee88ee4826eee>:0 
  at (wrapper remoting-invoke-with-check) System.IO.StreamWriter..ctor(string,bool,System.Text.Encoding)
  at System.IO.File.WriteAllText (System.String path, System.String contents, System.Text.Encoding encoding) [0x00034] in <dc753a1061284f8e971ee88ee4826eee>:0 
  at UnityEditor.StateCache`1[T].SetState (UnityEngine.Hash128 key, T obj) [0x0004b] in <5d5ebefe97114215928ac1d9cd096522>:0 
UnityEngine.StackTraceUtility:ExtractStackTrace ()
UnityEngine.DebugLogHandler:LogFormat (UnityEngine.LogType,UnityEngine.Object,string,object[])
UnityEngine.Logger:Log (UnityEngine.LogType,object)
UnityEngine.Debug:LogError (object)
UnityEditor.StateCache`1<UnityEditor.Tools/LayerSettings>:SetState (UnityEngine.Hash128,UnityEditor.Tools/LayerSettings)
UnityEditor.Tools:set_lockedLayers (int)
UnityEditor.Tools:OnEnable ()

Mono: successfully reloaded assembly
- Finished resetting the current domain, in  1.108 seconds
Domain Reload Profiling: 1491ms
	BeginReloadAssembly (147ms)
		ExecutionOrderSort (0ms)
		DisableScriptedObjects (9ms)
		BackupInstance (0ms)
		ReleaseScriptingObjects (0ms)
		CreateAndSetChildDomain (35ms)
	RebuildCommonClasses (32ms)
	RebuildNativeTypeToScriptingClass (11ms)
	initialDomainReloadingComplete (27ms)
	LoadAllAssembliesAndSetupDomain (167ms)
		LoadAssemblies (223ms)
		RebuildTransferFunctionScriptingTraits (0ms)
		AnalyzeDomain (16ms)
			TypeCache.Refresh (5ms)
				TypeCache.ScanAssembly (0ms)
			ScanForSourceGeneratedMonoScriptInfo (0ms)
			ResolveRequiredComponents (10ms)
	FinalizeReload (1108ms)
		ReleaseScriptCaches (0ms)
		RebuildScriptCaches (0ms)
		SetupLoadedEditorAssemblies (475ms)
			LogAssemblyErrors (0ms)
			InitializePlatformSupportModulesInManaged (6ms)
			SetLoadedEditorAssemblies (3ms)
			RefreshPlugins (0ms)
			BeforeProcessingInitializeOnLoad (83ms)
			ProcessInitializeOnLoadAttributes (295ms)
			ProcessInitializeOnLoadMethodAttributes (77ms)
			AfterProcessingInitializeOnLoad (10ms)
			EditorAssembliesLoaded (0ms)
		ExecutionOrderSort2 (0ms)
		AwakeInstancesAfterBackupRestoration (26ms)
Refreshing native plugins compatible for Editor in 4.99 ms, found 2 plugins.
Preloading 0 native plugins for Editor in 0.00 ms.
Unloading 3753 Unused Serialized files (Serialized files now loaded: 0)
Unloading 38 unused Assets / (0.8 MB). Loaded Objects now: 4561.
Memory consumption went from 178.8 MB to 178.0 MB.
Total: 9.515000 ms (FindLiveObjects: 0.746500 ms CreateObjectMapping: 0.142200 ms MarkObjects: 7.834300 ms  DeleteObjects: 0.790100 ms)

Prepare: number of updated asset objects reloaded= 0
AssetImportParameters requested are different than current active one (requested -> active):
  custom:container-demuxer-ogg: 62fdf1f143b41e24485cea50d1cbac27 -> 
  custom:video-codec-MediaFoundation-h265: 746d11721c4dcdbdad8f713fa42b33f4 -> 
  custom:video-decoder-ogg-theora: a1e56fd34408186e4bbccfd4996cb3dc -> 
  custom:framework-win-MediaFoundation: 216162199b28c13a410421893ffa2e32 -> 
  custom:CustomObjectIndexerAttribute: 62b5816608c3102f162a1797e29626cf -> 
  custom:container-demuxer-webm: 4f35f7cbe854078d1ac9338744f61a02 -> 
  custom:container-muxer-webm: aa71ff27fc2769a1b78a27578f13a17b -> 
  custom:video-decoder-webm-vp8: 9c59270c3fd7afecdb556c50c9e8de78 -> 
  custom:SearchIndexIgnoredProperties: e643bd26f0fe6173181afceb89e7c659 -> 
  custom:AudioImporter_EditorPlatform: d09bf68614088b80899f8185d706f6e7 -> 
  custom:video-encoder-webm-vp8: eb34c28f22e8b96e1ab97ce403110664 -> 
  custom:audio-decoder-ogg-vorbis: bf7c407c2cedff20999df2af8eb42d56 -> 
  custom:audio-encoder-webm-vorbis: bf7c407c2cedff20999df2af8eb42d56 -> 
========================================================================
Received Prepare
Begin MonoManager ReloadAssembly
- Loaded All Assemblies, in  0.383 seconds
Refreshing native plugins compatible for Editor in 3.01 ms, found 2 plugins.
Native extension for WindowsStandalone target not found
[MODES] ModeService[none].Initialize
[MODES] ModeService[none].LoadModes
[MODES] Loading mode Default (0) for mode-current-id-New Unity Project
Mono: successfully reloaded assembly
- Finished resetting the current domain, in  1.101 seconds
Domain Reload Profiling: 1481ms
	BeginReloadAssembly (140ms)
		ExecutionOrderSort (0ms)
		DisableScriptedObjects (9ms)
		BackupInstance (0ms)
		ReleaseScriptingObjects (0ms)
		CreateAndSetChildDomain (29ms)
	RebuildCommonClasses (32ms)
	RebuildNativeTypeToScriptingClass (11ms)
	initialDomainReloadingComplete (31ms)
	LoadAllAssembliesAndSetupDomain (165ms)
		LoadAssemblies (222ms)
		RebuildTransferFunctionScriptingTraits (0ms)
		AnalyzeDomain (16ms)
			TypeCache.Refresh (5ms)
				TypeCache.ScanAssembly (0ms)
			ScanForSourceGeneratedMonoScriptInfo (0ms)
			ResolveRequiredComponents (9ms)
	FinalizeReload (1102ms)
		ReleaseScriptCaches (0ms)
		RebuildScriptCaches (0ms)
		SetupLoadedEditorAssemblies (472ms)
			LogAssemblyErrors (0ms)
			InitializePlatformSupportModulesInManaged (8ms)
			SetLoadedEditorAssemblies (4ms)
			RefreshPlugins (0ms)
			BeforeProcessingInitializeOnLoad (82ms)
			ProcessInitializeOnLoadAttributes (287ms)
			ProcessInitializeOnLoadMethodAttributes (79ms)
			AfterProcessingInitializeOnLoad (10ms)
			EditorAssembliesLoaded (0ms)
		ExecutionOrderSort2 (0ms)
		AwakeInstancesAfterBackupRestoration (22ms)
Refreshing native plugins compatible for Editor in 6.08 ms, found 2 plugins.
Preloading 0 native plugins for Editor in 0.00 ms.
Unloading 3753 Unused Serialized files (Serialized files now loaded: 0)
Unloading 38 unused Assets / (0.8 MB). Loaded Objects now: 4578.
Memory consumption went from 180.7 MB to 179.9 MB.
Total: 7.163800 ms (FindLiveObjects: 0.719500 ms CreateObjectMapping: 0.137800 ms MarkObjects: 5.380200 ms  DeleteObjects: 0.924700 ms)

Prepare: number of updated asset objects reloaded= 0
AssetImportParameters requested are different than current active one (requested -> active):
  custom:container-demuxer-ogg: 62fdf1f143b41e24485cea50d1cbac27 -> 
  custom:video-codec-MediaFoundation-h265: 746d11721c4dcdbdad8f713fa42b33f4 -> 
  custom:video-decoder-ogg-theora: a1e56fd34408186e4bbccfd4996cb3dc -> 
  custom:framework-win-MediaFoundation: 216162199b28c13a410421893ffa2e32 -> 
  custom:CustomObjectIndexerAttribute: 62b5816608c3102f162a1797e29626cf -> 
  custom:container-demuxer-webm: 4f35f7cbe854078d1ac9338744f61a02 -> 
  custom:container-muxer-webm: aa71ff27fc2769a1b78a27578f13a17b -> 
  custom:video-decoder-webm-vp8: 9c59270c3fd7afecdb556c50c9e8de78 -> 
  custom:SearchIndexIgnoredProperties: e643bd26f0fe6173181afceb89e7c659 -> 
  custom:AudioImporter_EditorPlatform: d09bf68614088b80899f8185d706f6e7 -> 
  custom:video-encoder-webm-vp8: eb34c28f22e8b96e1ab97ce403110664 -> 
  custom:audio-decoder-ogg-vorbis: bf7c407c2cedff20999df2af8eb42d56 -> 
  custom:audio-encoder-webm-vorbis: bf7c407c2cedff20999df2af8eb42d56 -> 
========================================================================
Received Import Request.
  Time since last request: 232.172107 seconds.
  path: Assets/Animator Controller/PlayerAnimatorController.controller
  artifactKey: Guid(b3898d3caf2c87341b19637693c79cb7) Importer(815301076,1909f56bfc062723c751e8b465ee728b)
Start importing Assets/Animator Controller/PlayerAnimatorController.controller using Guid(b3898d3caf2c87341b19637693c79cb7) Importer(815301076,1909f56bfc062723c751e8b465ee728b)  -> (artifact id: '27e97476c6199abde02aa61fc74a785d') in 0.016567 seconds
Number of updated asset objects reloaded before import = 0
Number of asset objects unloaded after import = 14
========================================================================
Received Import Request.
  Time since last request: 161.766544 seconds.
  path: Assets/Models/tronco.fbx
  artifactKey: Guid(3785485327d95474e8a6d0ea06f36783) Importer(815301076,1909f56bfc062723c751e8b465ee728b)
Start importing Assets/Models/tronco.fbx using Guid(3785485327d95474e8a6d0ea06f36783) Importer(815301076,1909f56bfc062723c751e8b465ee728b)  -> (artifact id: '02eefcddba72c7e07929f5429622169d') in 0.084931 seconds
Number of updated asset objects reloaded before import = 0
Number of asset objects unloaded after import = 8
========================================================================
Received Import Request.
  Time since last request: 23.411059 seconds.
  path: Assets/Material/Materials/Material.011.mat
  artifactKey: Guid(de0fc9b4302825342a581f418522723a) Importer(815301076,1909f56bfc062723c751e8b465ee728b)
Start importing Assets/Material/Materials/Material.011.mat using Guid(de0fc9b4302825342a581f418522723a) Importer(815301076,1909f56bfc062723c751e8b465ee728b)  -> (artifact id: 'dc49014358d8853de9c98ed54be3a464') in 0.035347 seconds
Number of updated asset objects reloaded before import = 0
Number of asset objects unloaded after import = 2
========================================================================
Received Import Request.
  Time since last request: 0.000020 seconds.
  path: Assets/Material/Materials/Medieval Cloth.mat
  artifactKey: Guid(068f2051d1bedd5498e292010dc4ee47) Importer(815301076,1909f56bfc062723c751e8b465ee728b)
Start importing Assets/Material/Materials/Medieval Cloth.mat using Guid(068f2051d1bedd5498e292010dc4ee47) Importer(815301076,1909f56bfc062723c751e8b465ee728b)  -> (artifact id: '811b70a96fbfe33e80a0f9c0ac45d1ff') in 0.065383 seconds
Number of updated asset objects reloaded before import = 0
Number of asset objects unloaded after import = 5
========================================================================
Received Import Request.
  Time since last request: 2.042055 seconds.
  path: Assets/Models/tronco.fbx
  artifactKey: Guid(3785485327d95474e8a6d0ea06f36783) Importer(815301076,1909f56bfc062723c751e8b465ee728b)
Start importing Assets/Models/tronco.fbx using Guid(3785485327d95474e8a6d0ea06f36783) Importer(815301076,1909f56bfc062723c751e8b465ee728b)  -> (artifact id: '5489779a2cf0c938f6a1dc88a5183a5a') in 0.019014 seconds
Number of updated asset objects reloaded before import = 0
Number of asset objects unloaded after import = 8
========================================================================
Received Import Request.
  Time since last request: 95.872925 seconds.
  path: Assets/Material/Textures/Untitled_Yucca_Leaf_Yucca_Leaf_1_TR_NORb_Normal.jpg
  artifactKey: Guid(63bec3518f5af1549a976873f9aa6ac5) Importer(815301076,1909f56bfc062723c751e8b465ee728b)
Start importing Assets/Material/Textures/Untitled_Yucca_Leaf_Yucca_Leaf_1_TR_NORb_Normal.jpg using Guid(63bec3518f5af1549a976873f9aa6ac5) Importer(815301076,1909f56bfc062723c751e8b465ee728b)  -> (artifact id: 'd6c0e06a01fed83fd68d80950b981869') in 0.027982 seconds
Number of updated asset objects reloaded before import = 0
Number of asset objects unloaded after import = 2
========================================================================
Received Import Request.
  Time since last request: 216.108519 seconds.
  path: Assets/Material/Materials/Metal Gate.mat
  artifactKey: Guid(b172f7722682571448958541b9a4672f) Importer(815301076,1909f56bfc062723c751e8b465ee728b)
Start importing Assets/Material/Materials/Metal Gate.mat using Guid(b172f7722682571448958541b9a4672f) Importer(815301076,1909f56bfc062723c751e8b465ee728b)  -> (artifact id: 'f001cfc8bd03b68f36027995e14f4e4e') in 0.048793 seconds
Number of updated asset objects reloaded before import = 0
Number of asset objects unloaded after import = 4
========================================================================
Received Import Request.
  Time since last request: 2.186257 seconds.
  path: Assets/Material/Materials/Rope.mat
  artifactKey: Guid(e5a73c56f717b5e459c5a704b81e3e3a) Importer(815301076,1909f56bfc062723c751e8b465ee728b)
Start importing Assets/Material/Materials/Rope.mat using Guid(e5a73c56f717b5e459c5a704b81e3e3a) Importer(815301076,1909f56bfc062723c751e8b465ee728b)  -> (artifact id: '856b6dca8d6c689582f2ed1be6a689ea') in 0.035452 seconds
Number of updated asset objects reloaded before import = 0
Number of asset objects unloaded after import = 4
========================================================================
Received Import Request.
  Time since last request: 0.688334 seconds.
  path: Assets/Material/Materials/Wind Generator_Metal Stand.mat
  artifactKey: Guid(350dd7d2fd8507e428dc5c8b1c5c141f) Importer(815301076,1909f56bfc062723c751e8b465ee728b)
Start importing Assets/Material/Materials/Wind Generator_Metal Stand.mat using Guid(350dd7d2fd8507e428dc5c8b1c5c141f) Importer(815301076,1909f56bfc062723c751e8b465ee728b)  -> (artifact id: 'a5b79ce12fa721222d83fc4a4d4bf6f0') in 0.033391 seconds
Number of updated asset objects reloaded before import = 0
Number of asset objects unloaded after import = 4
========================================================================
Received Import Request.
  Time since last request: 0.000018 seconds.
  path: Assets/Material/Materials/Wind Generator_Screw.mat
  artifactKey: Guid(8f27cf5e26993a0459938805883f80e6) Importer(815301076,1909f56bfc062723c751e8b465ee728b)
Start importing Assets/Material/Materials/Wind Generator_Screw.mat using Guid(8f27cf5e26993a0459938805883f80e6) Importer(815301076,1909f56bfc062723c751e8b465ee728b)  -> (artifact id: 'cf36deb1a841ff79050ea3bce83bdc44') in 0.062595 seconds
Number of updated asset objects reloaded before import = 0
Number of asset objects unloaded after import = 4
========================================================================
Received Import Request.
  Time since last request: 0.287436 seconds.
  path: Assets/Material/Materials/Wind Generator_Wood Stand.mat
  artifactKey: Guid(1a0d991439f1f234786043bef4dc22dc) Importer(815301076,1909f56bfc062723c751e8b465ee728b)
Start importing Assets/Material/Materials/Wind Generator_Wood Stand.mat using Guid(1a0d991439f1f234786043bef4dc22dc) Importer(815301076,1909f56bfc062723c751e8b465ee728b)  -> (artifact id: 'b17a5e3d43540b71ee0dac0f11d8d622') in 0.048853 seconds
Number of updated asset objects reloaded before import = 0
Number of asset objects unloaded after import = 4
========================================================================
Received Import Request.
  Time since last request: 25.074175 seconds.
  path: Assets/Material/Materials/Yucca_Leaf.mat
  artifactKey: Guid(7f5f05969ef1a88418e4844dc5750c7f) Importer(815301076,1909f56bfc062723c751e8b465ee728b)
Start importing Assets/Material/Materials/Yucca_Leaf.mat using Guid(7f5f05969ef1a88418e4844dc5750c7f) Importer(815301076,1909f56bfc062723c751e8b465ee728b)  -> (artifact id: '0229a33be548abe2b141a06ec9a94672') in 0.024750 seconds
Number of updated asset objects reloaded before import = 0
Number of asset objects unloaded after import = 3
========================================================================
Received Import Request.
  Time since last request: 625.069154 seconds.
  path: Assets/Models/Todo06.blend
  artifactKey: Guid(2a5af9abd3b9fac48989b30a01c5bfb8) Importer(815301076,1909f56bfc062723c751e8b465ee728b)
Start importing Assets/Models/Todo06.blend using Guid(2a5af9abd3b9fac48989b30a01c5bfb8) Importer(815301076,1909f56bfc062723c751e8b465ee728b)  -> (artifact id: 'f6e1c7ee9aa455a59de889563a65bc7f') in 3.858327 seconds
Number of updated asset objects reloaded before import = 0
Number of asset objects unloaded after import = 3239
========================================================================
Received Import Request.
  Time since last request: 4.188313 seconds.
  path: Assets/Models/Escenario.fbx
  artifactKey: Guid(6b19399e5c30f134b831b34e28b73e28) Importer(815301076,1909f56bfc062723c751e8b465ee728b)
Start importing Assets/Models/Escenario.fbx using Guid(6b19399e5c30f134b831b34e28b73e28) Importer(815301076,1909f56bfc062723c751e8b465ee728b)  -> (artifact id: '905389d004e38ff12c796b9614db898c') in 3.094617 seconds
Number of updated asset objects reloaded before import = 0
Number of asset objects unloaded after import = 2660
========================================================================
Received Import Request.
  Time since last request: 1.834529 seconds.
  path: Assets/Models/Escenario.fbx
  artifactKey: Guid(6b19399e5c30f134b831b34e28b73e28) Importer(815301076,1909f56bfc062723c751e8b465ee728b)
Start importing Assets/Models/Escenario.fbx using Guid(6b19399e5c30f134b831b34e28b73e28) Importer(815301076,1909f56bfc062723c751e8b465ee728b)  -> (artifact id: '2dc60645db03f7befd5f42a33d9f61c2') in 3.214825 seconds
Number of updated asset objects reloaded before import = 0
Number of asset objects unloaded after import = 2660
========================================================================
Received Import Request.
  Time since last request: 86.975407 seconds.
  path: Assets/Models/Todo06.fbx
  artifactKey: Guid(c9631dc85fdd9704a9a4c4bf263182c6) Importer(815301076,1909f56bfc062723c751e8b465ee728b)
Start importing Assets/Models/Todo06.fbx using Guid(c9631dc85fdd9704a9a4c4bf263182c6) Importer(815301076,1909f56bfc062723c751e8b465ee728b)  -> (artifact id: 'f47caab601d037a770a3c220baf35a8f') in 3.160094 seconds
Number of updated asset objects reloaded before import = 0
Number of asset objects unloaded after import = 2660
========================================================================
Received Import Request.
  Time since last request: 38.388858 seconds.
  path: Assets/Models/Todo06.blend
  artifactKey: Guid(2a5af9abd3b9fac48989b30a01c5bfb8) Importer(815301076,1909f56bfc062723c751e8b465ee728b)
Start importing Assets/Models/Todo06.blend using Guid(2a5af9abd3b9fac48989b30a01c5bfb8) Importer(815301076,1909f56bfc062723c751e8b465ee728b)  -> (artifact id: '1bbfc47b519b9ad4af37d350bfa79d3b') in 3.551638 seconds
Number of updated asset objects reloaded before import = 0
Number of asset objects unloaded after import = 3242
========================================================================
Received Import Request.
  Time since last request: 28.978248 seconds.
  path: Assets/Models/Todo06.blend
  artifactKey: Guid(2a5af9abd3b9fac48989b30a01c5bfb8) Importer(815301076,1909f56bfc062723c751e8b465ee728b)
Start importing Assets/Models/Todo06.blend using Guid(2a5af9abd3b9fac48989b30a01c5bfb8) Importer(815301076,1909f56bfc062723c751e8b465ee728b)  -> (artifact id: 'a1f28bc762d2ed08ef7185111dc37742') in 3.524740 seconds
Number of updated asset objects reloaded before import = 0
Number of asset objects unloaded after import = 3242
========================================================================
Received Import Request.
  Time since last request: 412.714808 seconds.
  path: Assets/Models/Escenario.fbx
  artifactKey: Guid(6b19399e5c30f134b831b34e28b73e28) Importer(815301076,1909f56bfc062723c751e8b465ee728b)
Start importing Assets/Models/Escenario.fbx using Guid(6b19399e5c30f134b831b34e28b73e28) Importer(815301076,1909f56bfc062723c751e8b465ee728b)  -> (artifact id: '1c1e71b42ebdcb89e38482ca92408282') in 2.879007 seconds
Number of updated asset objects reloaded before import = 0
Number of asset objects unloaded after import = 2657
========================================================================
Received Import Request.
  Time since last request: 30.237923 seconds.
  path: Assets/Models/Escenario.fbx
  artifactKey: Guid(6b19399e5c30f134b831b34e28b73e28) Importer(815301076,1909f56bfc062723c751e8b465ee728b)
Start importing Assets/Models/Escenario.fbx using Guid(6b19399e5c30f134b831b34e28b73e28) Importer(815301076,1909f56bfc062723c751e8b465ee728b)  -> (artifact id: '5ffcc4d7119e39750faf1117fac96e35') in 2.579638 seconds
Number of updated asset objects reloaded before import = 0
Number of asset objects unloaded after import = 2657
========================================================================
Received Import Request.
  Time since last request: 15.385943 seconds.
  path: Assets/Material/Textures/wall_02_normal.jpg
  artifactKey: Guid(2f3a4368f2d48b24282e145ceadd9f9c) Importer(815301076,1909f56bfc062723c751e8b465ee728b)
Start importing Assets/Material/Textures/wall_02_normal.jpg using Guid(2f3a4368f2d48b24282e145ceadd9f9c) Importer(815301076,1909f56bfc062723c751e8b465ee728b)  -> (artifact id: '07a7a1c245e3e4c7564bbeff32a32db1') in 0.081657 seconds
Number of updated asset objects reloaded before import = 0
Number of asset objects unloaded after import = 2
========================================================================
Received Import Request.
  Time since last request: 2.294120 seconds.
  path: Assets/Material/Textures/marble normal.bmp
  artifactKey: Guid(9f98774f7e561b64d907b0edb23f42ca) Importer(815301076,1909f56bfc062723c751e8b465ee728b)
Start importing Assets/Material/Textures/marble normal.bmp using Guid(9f98774f7e561b64d907b0edb23f42ca) Importer(815301076,1909f56bfc062723c751e8b465ee728b)  -> (artifact id: 'e38088d7c26860b6823572af998bb679') in 0.024250 seconds
Number of updated asset objects reloaded before import = 0
Number of asset objects unloaded after import = 2
========================================================================
Received Import Request.
  Time since last request: 60.557754 seconds.
  path: Assets/Material/Textures/Wood_Planks_with_Nails_Normal.jpg
  artifactKey: Guid(734829f28b20ec64fa26582f6ced5d94) Importer(815301076,1909f56bfc062723c751e8b465ee728b)
Start importing Assets/Material/Textures/Wood_Planks_with_Nails_Normal.jpg using Guid(734829f28b20ec64fa26582f6ced5d94) Importer(815301076,1909f56bfc062723c751e8b465ee728b)  -> (artifact id: '5d215c2a8874da8c4a0db44b0781cb59') in 0.027909 seconds
Number of updated asset objects reloaded before import = 0
Number of asset objects unloaded after import = 2
========================================================================
Received Import Request.
  Time since last request: 187.143074 seconds.
  path: Assets/Material/Materials/Marble white.mat
  artifactKey: Guid(d8b79043b2a626f4f969cc5005f63a77) Importer(815301076,1909f56bfc062723c751e8b465ee728b)
Start importing Assets/Material/Materials/Marble white.mat using Guid(d8b79043b2a626f4f969cc5005f63a77) Importer(815301076,1909f56bfc062723c751e8b465ee728b)  -> (artifact id: '8c625c44e6987a68c4e724d20ae03e76') in 0.024750 seconds
Number of updated asset objects reloaded before import = 0
Number of asset objects unloaded after import = 4
========================================================================
Received Import Request.
  Time since last request: 14.452709 seconds.
  path: Assets/Material/Materials/RAL Classic Red hues.078.mat
  artifactKey: Guid(788399b63263eac4b955557ff1d51a83) Importer(815301076,1909f56bfc062723c751e8b465ee728b)
Start importing Assets/Material/Materials/RAL Classic Red hues.078.mat using Guid(788399b63263eac4b955557ff1d51a83) Importer(815301076,1909f56bfc062723c751e8b465ee728b)  -> (artifact id: '0547f0516f5ee317e5e8f23ddf8e092a') in 0.017129 seconds
Number of updated asset objects reloaded before import = 0
Number of asset objects unloaded after import = 2
========================================================================
Received Import Request.
  Time since last request: 0.020950 seconds.
  path: Assets/Material/Materials/Wood Planks with Nails.mat
  artifactKey: Guid(e8476a8f542c38f4d8dd10dab1e780f8) Importer(815301076,1909f56bfc062723c751e8b465ee728b)
Start importing Assets/Material/Materials/Wood Planks with Nails.mat using Guid(e8476a8f542c38f4d8dd10dab1e780f8) Importer(815301076,1909f56bfc062723c751e8b465ee728b)  -> (artifact id: '3dd204bfc968f3b68568fb84c5c998fc') in 0.019581 seconds
Number of updated asset objects reloaded before import = 0
Number of asset objects unloaded after import = 4
========================================================================
Received Import Request.
  Time since last request: 91.738445 seconds.
  path: Assets/Models/Escenario.fbx
  artifactKey: Guid(6b19399e5c30f134b831b34e28b73e28) Importer(815301076,1909f56bfc062723c751e8b465ee728b)
Start importing Assets/Models/Escenario.fbx using Guid(6b19399e5c30f134b831b34e28b73e28) Importer(815301076,1909f56bfc062723c751e8b465ee728b)  -> (artifact id: '17d7a236bb20edcb15075118cc6ea0bc') in 3.517816 seconds
Number of updated asset objects reloaded before import = 0
Number of asset objects unloaded after import = 2664
========================================================================
Received Import Request.
  Time since last request: 3.735215 seconds.
  path: Assets/Models/NUBES.fbx
  artifactKey: Guid(f4f4eebd7d841094bb39ad5255486e8a) Importer(815301076,1909f56bfc062723c751e8b465ee728b)
Start importing Assets/Models/NUBES.fbx using Guid(f4f4eebd7d841094bb39ad5255486e8a) Importer(815301076,1909f56bfc062723c751e8b465ee728b)  -> (artifact id: 'f625f84f43f487d19e4acf0878259bb3') in 0.454168 seconds
Number of updated asset objects reloaded before import = 0
Number of asset objects unloaded after import = 288
========================================================================
Received Prepare
Begin MonoManager ReloadAssembly
- Loaded All Assemblies, in  0.502 seconds
Refreshing native plugins compatible for Editor in 2.96 ms, found 2 plugins.
Native extension for WindowsStandalone target not found
Error saving file Library/StateCache/LayerSettings/9e/9ecc5c3c162a7aba29bafa64c8b94b7c.json. Error: System.IO.IOException: Sharing violation on path C:\Users\carla\Desktop\Videojuego-AVM\VeilOfLight\Library\StateCache\LayerSettings\9e\9ecc5c3c162a7aba29bafa64c8b94b7c.json
  at System.IO.FileStream..ctor (System.String path, System.IO.FileMode mode, System.IO.FileAccess access, System.IO.FileShare share, System.Int32 bufferSize, System.Boolean anonymous, System.IO.FileOptions options) [0x0019e] in <dc753a1061284f8e971ee88ee4826eee>:0 
  at System.IO.FileStream..ctor (System.String path, System.IO.FileMode mode, System.IO.FileAccess access, System.IO.FileShare share, System.Int32 bufferSize, System.IO.FileOptions options) [0x00000] in <dc753a1061284f8e971ee88ee4826eee>:0 
  at (wrapper remoting-invoke-with-check) System.IO.FileStream..ctor(string,System.IO.FileMode,System.IO.FileAccess,System.IO.FileShare,int,System.IO.FileOptions)
  at System.IO.StreamWriter..ctor (System.String path, System.Boolean append, System.Text.Encoding encoding, System.Int32 bufferSize) [0x00055] in <dc753a1061284f8e971ee88ee4826eee>:0 
  at System.IO.StreamWriter..ctor (System.String path, System.Boolean append, System.Text.Encoding encoding) [0x00000] in <dc753a1061284f8e971ee88ee4826eee>:0 
  at (wrapper remoting-invoke-with-check) System.IO.StreamWriter..ctor(string,bool,System.Text.Encoding)
  at System.IO.File.WriteAllText (System.String path, System.String contents, System.Text.Encoding encoding) [0x00034] in <dc753a1061284f8e971ee88ee4826eee>:0 
  at UnityEditor.StateCache`1[T].SetState (UnityEngine.Hash128 key, T obj) [0x0004b] in <5d5ebefe97114215928ac1d9cd096522>:0 
UnityEngine.StackTraceUtility:ExtractStackTrace ()
UnityEngine.DebugLogHandler:LogFormat (UnityEngine.LogType,UnityEngine.Object,string,object[])
UnityEngine.Logger:Log (UnityEngine.LogType,object)
UnityEngine.Debug:LogError (object)
UnityEditor.StateCache`1<UnityEditor.Tools/LayerSettings>:SetState (UnityEngine.Hash128,UnityEditor.Tools/LayerSettings)
UnityEditor.Tools:set_lockedLayers (int)
UnityEditor.Tools:OnEnable ()
UnityEngine.ScriptableObject:CreateInstance (System.Type)
UnityEngine.ScriptableObject:CreateInstance<UnityEditor.Tools> ()
UnityEditor.Tools:get_get ()
UnityEditor.Tools:get_visibleLayers ()
UnityEditor.Animations.Rigging.BoneRendererUtils:.cctor () (at ./Library/PackageCache/com.unity.animation.rigging@1.2.1/Editor/Utils/BoneRendererUtils.cs:121)
System.Runtime.CompilerServices.RuntimeHelpers:RunClassConstructor (System.RuntimeTypeHandle)
UnityEditor.EditorAssemblies:ProcessInitializeOnLoadAttributes (System.Type[])

(Filename: ./Library/PackageCache/com.unity.animation.rigging@1.2.1/Editor/Utils/BoneRendererUtils.cs Line: 121)

[MODES] ModeService[none].Initialize
[MODES] ModeService[none].LoadModes
[MODES] Loading mode Default (0) for mode-current-id-New Unity Project
Mono: successfully reloaded assembly
- Finished resetting the current domain, in  2.216 seconds
Domain Reload Profiling: 2715ms
	BeginReloadAssembly (199ms)
		ExecutionOrderSort (0ms)
		DisableScriptedObjects (13ms)
		BackupInstance (0ms)
		ReleaseScriptingObjects (0ms)
		CreateAndSetChildDomain (59ms)
	RebuildCommonClasses (32ms)
	RebuildNativeTypeToScriptingClass (10ms)
	initialDomainReloadingComplete (31ms)
	LoadAllAssembliesAndSetupDomain (227ms)
		LoadAssemblies (298ms)
		RebuildTransferFunctionScriptingTraits (0ms)
		AnalyzeDomain (19ms)
			TypeCache.Refresh (7ms)
				TypeCache.ScanAssembly (0ms)
			ScanForSourceGeneratedMonoScriptInfo (0ms)
			ResolveRequiredComponents (11ms)
	FinalizeReload (2217ms)
		ReleaseScriptCaches (0ms)
		RebuildScriptCaches (0ms)
		SetupLoadedEditorAssemblies (499ms)
			LogAssemblyErrors (0ms)
			InitializePlatformSupportModulesInManaged (7ms)
			SetLoadedEditorAssemblies (4ms)
			RefreshPlugins (0ms)
			BeforeProcessingInitializeOnLoad (84ms)
			ProcessInitializeOnLoadAttributes (311ms)
			ProcessInitializeOnLoadMethodAttributes (81ms)
			AfterProcessingInitializeOnLoad (11ms)
			EditorAssembliesLoaded (1ms)
		ExecutionOrderSort2 (0ms)
		AwakeInstancesAfterBackupRestoration (24ms)
Refreshing native plugins compatible for Editor in 5.02 ms, found 2 plugins.
Preloading 0 native plugins for Editor in 0.00 ms.
Unloading 3753 Unused Serialized files (Serialized files now loaded: 0)
Unloading 38 unused Assets / (0.8 MB). Loaded Objects now: 4596.
Memory consumption went from 185.8 MB to 185.0 MB.
Total: 8.031200 ms (FindLiveObjects: 0.653200 ms CreateObjectMapping: 0.136900 ms MarkObjects: 6.364800 ms  DeleteObjects: 0.874700 ms)

Prepare: number of updated asset objects reloaded= 0
AssetImportParameters requested are different than current active one (requested -> active):
  custom:container-demuxer-ogg: 62fdf1f143b41e24485cea50d1cbac27 -> 
  custom:video-codec-MediaFoundation-h265: 746d11721c4dcdbdad8f713fa42b33f4 -> 
  custom:video-decoder-ogg-theora: a1e56fd34408186e4bbccfd4996cb3dc -> 
  custom:framework-win-MediaFoundation: 216162199b28c13a410421893ffa2e32 -> 
  custom:CustomObjectIndexerAttribute: 62b5816608c3102f162a1797e29626cf -> 
  custom:container-demuxer-webm: 4f35f7cbe854078d1ac9338744f61a02 -> 
  custom:container-muxer-webm: aa71ff27fc2769a1b78a27578f13a17b -> 
  custom:video-decoder-webm-vp8: 9c59270c3fd7afecdb556c50c9e8de78 -> 
  custom:SearchIndexIgnoredProperties: e643bd26f0fe6173181afceb89e7c659 -> 
  custom:AudioImporter_EditorPlatform: d09bf68614088b80899f8185d706f6e7 -> 
  custom:video-encoder-webm-vp8: eb34c28f22e8b96e1ab97ce403110664 -> 
  custom:audio-decoder-ogg-vorbis: bf7c407c2cedff20999df2af8eb42d56 -> 
  custom:audio-encoder-webm-vorbis: bf7c407c2cedff20999df2af8eb42d56 -> 
========================================================================
Received Prepare
Begin MonoManager ReloadAssembly
- Loaded All Assemblies, in  0.405 seconds
Refreshing native plugins compatible for Editor in 3.55 ms, found 2 plugins.
Native extension for WindowsStandalone target not found
[MODES] ModeService[none].Initialize
[MODES] ModeService[none].LoadModes
[MODES] Loading mode Default (0) for mode-current-id-New Unity Project
Mono: successfully reloaded assembly
- Finished resetting the current domain, in  1.075 seconds
Domain Reload Profiling: 1476ms
	BeginReloadAssembly (150ms)
		ExecutionOrderSort (0ms)
		DisableScriptedObjects (12ms)
		BackupInstance (0ms)
		ReleaseScriptingObjects (0ms)
		CreateAndSetChildDomain (28ms)
	RebuildCommonClasses (32ms)
	RebuildNativeTypeToScriptingClass (11ms)
	initialDomainReloadingComplete (30ms)
	LoadAllAssembliesAndSetupDomain (178ms)
		LoadAssemblies (241ms)
		RebuildTransferFunctionScriptingTraits (0ms)
		AnalyzeDomain (16ms)
			TypeCache.Refresh (5ms)
				TypeCache.ScanAssembly (0ms)
			ScanForSourceGeneratedMonoScriptInfo (0ms)
			ResolveRequiredComponents (9ms)
	FinalizeReload (1075ms)
		ReleaseScriptCaches (0ms)
		RebuildScriptCaches (0ms)
		SetupLoadedEditorAssemblies (467ms)
			LogAssemblyErrors (0ms)
			InitializePlatformSupportModulesInManaged (7ms)
			SetLoadedEditorAssemblies (4ms)
			RefreshPlugins (0ms)
			BeforeProcessingInitializeOnLoad (76ms)
			ProcessInitializeOnLoadAttributes (289ms)
			ProcessInitializeOnLoadMethodAttributes (80ms)
			AfterProcessingInitializeOnLoad (10ms)
			EditorAssembliesLoaded (0ms)
		ExecutionOrderSort2 (0ms)
		AwakeInstancesAfterBackupRestoration (25ms)
Refreshing native plugins compatible for Editor in 5.63 ms, found 2 plugins.
Preloading 0 native plugins for Editor in 0.00 ms.
Unloading 3753 Unused Serialized files (Serialized files now loaded: 0)
Unloading 38 unused Assets / (0.8 MB). Loaded Objects now: 4613.
Memory consumption went from 187.7 MB to 186.9 MB.
Total: 8.781000 ms (FindLiveObjects: 1.115300 ms CreateObjectMapping: 0.190100 ms MarkObjects: 6.748100 ms  DeleteObjects: 0.725200 ms)

Prepare: number of updated asset objects reloaded= 0
AssetImportParameters requested are different than current active one (requested -> active):
  custom:container-demuxer-ogg: 62fdf1f143b41e24485cea50d1cbac27 -> 
  custom:video-codec-MediaFoundation-h265: 746d11721c4dcdbdad8f713fa42b33f4 -> 
  custom:video-decoder-ogg-theora: a1e56fd34408186e4bbccfd4996cb3dc -> 
  custom:framework-win-MediaFoundation: 216162199b28c13a410421893ffa2e32 -> 
  custom:CustomObjectIndexerAttribute: 62b5816608c3102f162a1797e29626cf -> 
  custom:container-demuxer-webm: 4f35f7cbe854078d1ac9338744f61a02 -> 
  custom:container-muxer-webm: aa71ff27fc2769a1b78a27578f13a17b -> 
  custom:video-decoder-webm-vp8: 9c59270c3fd7afecdb556c50c9e8de78 -> 
  custom:SearchIndexIgnoredProperties: e643bd26f0fe6173181afceb89e7c659 -> 
  custom:AudioImporter_EditorPlatform: d09bf68614088b80899f8185d706f6e7 -> 
  custom:video-encoder-webm-vp8: eb34c28f22e8b96e1ab97ce403110664 -> 
  custom:audio-decoder-ogg-vorbis: bf7c407c2cedff20999df2af8eb42d56 -> 
  custom:audio-encoder-webm-vorbis: bf7c407c2cedff20999df2af8eb42d56 -> 
